CCCC,Location,Country Name
ABCS,Cairns,Australia
ABRF,Brisbane (Regional Forecasting Centre),Australia
ABRK,Rockhampton,Australia
ABTD,Thursday I.,Australia
ABTL,Townsville,Australia
ABWP,Weipa,Australia
ACCC,Cocos Island,Cocos Island
ADDN,Darwin,Australia
ADRM,Darwin/Regional Met. Centre,Australia
AGGG,Honiara (COM Centre), Guadalcanal I.,Solomon Islands
AMMC,Melbourne/World Met. Centre,Australia
AMML,Melbourne/Intl.,Australia
AMRF,Melbourne (Regional Forecasting Centre),Australia
ANAU,Nauru Is.,Nauru
ANYN,NAURU AIRPORT,Nauru
APRF,Perth (Regional Forecasting Centre),Australia
APRM,Adelaide (Regional Forecasting Centre),Australia
ASRF,Sydney (Regional Forecasting Centre),Australia
ASRI,Richmond(RAAF),Australia
AYPY,Port Moresby,Papua New Guinea
BABJ,Peking (Beijing),China
BGAM,Angmagssalik,Greenland
BGSF,Søndre Strømfjord,Greenland
BGTL,Thule AB,Greenland
BICC,Reykjavik (Gufunes COM Centre),Iceland
BIEG,Egilsstadir,Iceland
BIKF,Keflavík,Iceland
BIRK,Reykjavík Airport,Iceland
BOCW,Call sign of ship recruited by/Indicatif d'appel de navire recruté par,China
BOIA,Call sign of ship recruited by/Indicatif d'appel de navire recruté par,China
BOID,Call sign of ship recruited by/Indicatif d'appel de navire recruté par,China
BOIJ,Call sign of ship recruited by/Indicatif d'appel de navire recruté par,China
BOIP,Call sign of ship recruited by/Indicatif d'appel de navire recruté par,China
BOIT,Call sign of ship recruited by/Indicatif d'appel de navire recruté par,China
BOKE,Call sign of ship recruited by/Indicatif d'appel de navire recruté par,China
BOLP,Call sign of ship recruited by/Indicatif d'appel de navire recruté par,China
BOLU,Call sign of ship recruited by/Indicatif d'appel de navire recruté par,China
BOLV,Call sign of ship recruited by/Indicatif d'appel de navire recruté par,China
BOLW,Call sign of ship recruited by/Indicatif d'appel de navire recruté par,China
BOOA,Call sign of ship recruited by/Indicatif d'appel de navire recruté par,China
BOOG,Call sign of ship recruited by/Indicatif d'appel de navire recruté par,China
BOOM,Call sign of ship recruited by/Indicatif d'appel de navire recruté par,China
BOOU,Call sign of ship recruited by/Indicatif d'appel de navire recruté par,China
BOOZ,Call sign of ship recruited by/Indicatif d'appel de navire recruté par,China
BOTO,Call sign of ship recruited by/Indicatif d'appel de navire recruté par,China
BOTT,Call sign of ship recruited by/Indicatif d'appel de navire recruté par,China
BOTZ,Call sign of ship recruited by/Indicatif d'appel de navire recruté par,China
BOVB,Call sign of ship recruited by/Indicatif d'appel de navire recruté par,China
BOZD,Call sign of ship recruited by/Indicatif d'appel de navire recruté par,China
BOZX,Call sign of ship recruited by/Indicatif d'appel de navire recruté par,China
BPGB,Call sign of ship recruited by/Indicatif d'appel de navire recruté par,China
BPGV,Call sign of ship recruited by/Indicatif d'appel de navire recruté par,China
BPJB,Call sign of ship recruited by/Indicatif d'appel de navire recruté par,China
BPJK,Call sign of ship recruited by/Indicatif d'appel de navire recruté par,China
BPKX,Call sign of ship recruited by/Indicatif d'appel de navire recruté par,China
BPLI,Call sign of ship recruited by/Indicatif d'appel de navire recruté par,China
BPLJ,Call sign of ship recruited by/Indicatif d'appel de navire recruté par,China
BPLQ,Call sign of ship recruited by/Indicatif d'appel de navire recruté par,China
BPPS,Call sign of ship recruited by/Indicatif d'appel de navire recruté par,China
BPRG,Call sign of ship recruited by/Indicatif d'appel de navire recruté par,China
BRIK,Call sign of ship recruited by/Indicatif d'appel de navire recruté par,China
BROE,Call sign of ship recruited by/Indicatif d'appel de navire recruté par,China
BRSI,Call sign of ship recruited by/Indicatif d'appel de navire recruté par,China
BRSP,Call sign of ship recruited by/Indicatif d'appel de navire recruté par,China
BRVG,Call sign of ship recruited by/Indicatif d'appel de navire recruté par,China
BSQK,Call sign of ship recruited by/Indicatif d'appel de navire recruté par,China
BSQP,Call sign of ship recruited by/Indicatif d'appel de navire recruté par,China
BSQU,Call sign of ship recruited by/Indicatif d'appel de navire recruté par,China
BTBH,--,Bhutan
CFSP,--,Canada
CWAH,--,Canada
CWAO,Montreal (Canadian Met. Centre), Que.,Canada
CWBA,--,Canada
CWCI,--,Canada
CWCL,--,Canada
CWCP,--,Canada
CWCU,--,Canada
CWDL,--,Canada
CWDV,--,Canada
CWEB,--,Canada
CWEG,Edmonton, Alta. (Alberta/Arctic Weather Centres),Canada
CWEP,--,Canada
CWES,--,Canada
CWEZ,--,Canada
CWGB,--,Canada
CWGD,--,Canada
CWGQ,--,Canada
CWGR,--,Canada
CWHF,Halifax Dockyard, N.S.,Canada
CWHR,--,Canada
CWHX,Bedford (Atlantic Weather Centre), N.S.,Canada
CWIS,Ottawa (AES Ice Forecasting Centre), Ont.,Canada
CWJC,--,Canada
CWKG,--,Canada
CWKY,--,Canada
CWLA,--,Canada
CWLY,--,Canada
CWMI,--,Canada
CWMN,--,Canada
CWMS,--,Canada
CWNC,--,Canada
CWNT,Turtle Mountain,Canada
CWNZ,--,Canada
CWOW,Ottawa, Ont.,Canada
CWPF,Esquimalt (Maritime HQ CFB Dockyard), B.C.,Canada
CWPK,--,Canada
CWPL,--,Canada
CWPN,--,Canada
CWPZ,--,Canada
CWQC,--,Canada
CWQP,--,Canada
CWQS,--,Canada
CWRA,--,Canada
CWRD,--,Canada
CWRJ,--,Canada
CWSA,--,Canada
CWSS,--,Canada
CWTO,Toronto, Ont. (Atmospheric Environment Service HQ.),Canada
CWTQ,--,Canada
CWTZ,--,Canada
CWUL,Montreal (Quebec Forecast Office), Que.,Canada
CWVR,Vancouver (Pacific Weather Centre), B.C.,Canada
CWWE,--,Canada
CWWZ,--,Canada
CWYG,--,Canada
CWYI,--,Canada
CWZC,--,Canada
CYAW,Halifax/Shearwater, NS (Heli),Canada
CYBC,Baie-Comeau, QC,Canada
CYBE,Uranium City, SK,Canada
CYBG,Bagotville, Que.,Canada
CYBR,Brandon Muni, MB,Canada
CYCH,Miramichi, NB,Canada
CYCT,Coronation, AB,Canada
CYDA,Dawson City, YT,Canada
CYDB,Burwash, YT,Canada
CYDN,Dauphin (Lt Col W G (Billy) Barker VC ARPT); MB,Canada
CYED,Edmonton/Namao, AB (Heli),Canada
CYEG,Edmonton/Intl. Airport, Alta.,Canada
CYEN,Estevan Regional, SK,Canada
CYET,Edson, AB,Canada
CYEV,Inuvik (Mike Zubko) NT,Canada
CYFB,Frobisher Bay, N.W.T.,Canada
CYFC,Fredericton Intl, NB,Canada
CYFS,Fort Simpson, NT,Canada
CYGL,La Grande Rivière, Que.,Canada
CYGP,Gaspe (Michel-Poulot), QC,Canada
CYHB,Hudson Bay, SK,Canada
CYHE,Hope, BC,Canada
CYHZ,Halifax/Intl., N.S.,Canada
CYJT,Stephenville, Nfld.,Canada
CYKA,Kamloops, BC,Canada
CYKL,Schefferville, QC,Canada
CYMJ,Moose Jaw/Air Vice Marshall CM McEwen, SK,Canada
CYMM,Fort McMurray, AB,Canada
CYMT,Chibougamou/Chapais, QC,Canada
CYMX,Montreal Intl. (Mirabel), Que.,Canada
CYNM,Matagami, QC,Canada
CYOD,Cold Lake/Group Captain RW McNair, AB,Canada
CYOJ,High Level AB,Canada
CYOW,Ottawa/Intl., Ont.,Canada
CYPA,Prince Albert (Glass Field), SK,Canada
CYPG,Portage La Prairie/Southport, MB,Canada
CYPR,Prince Rupert, BC,Canada
CYQA,Musikoka, ON,Canada
CYQB,Quebec/Jean Lesage Intl., Que.,Canada
CYQD,The Pas, MB,Canada
CYQG,Windsor, Ont.,Canada
CYQH,Watson Lake, YT,Canada
CYQI,Yarmouth, BC,Canada
CYQL,Lethbridge County, AB,Canada
CYQM,Moncton/Greater Moncon Intl,Canada
CYQQ,Comox, B.C.,Canada
CYQR,Regina Intl, SK,Canada
CYQT,Thunder Bay, ON,Canada
CYQU,Grande Prairie, AB,Canada
CYQW,North Battleford (Cameron McIntosh), SK,Canada
CYQX,Gander/Intl., Nfld.,Canada
CYQY,Sydney, N.S.,Canada
CYRB,Resolute, N.W.T.,Canada
CYRJ,Roberval, QC,Canada
CYRL,Red Lake, ON,Canada
CYRM,Rocky Mountain House, AB,Canada
CYRV,Revelstoke, BC,Canada
CYSB,Sudbury, ON,Canada
CYSC,Sherbrooke, QC,Canada
CYSE,Squamish, BC,Canada
CYSJ,Saint John, NB,Canada
CYSU,Summerside, PE,Canada
CYTR,Trenton, Ont.,Canada
CYTS,Timmins/Victor M Power, ON,Canada
CYUL,Montreal/Intl., Que.,Canada
CYVC,La Ronge (Barber Field), SK,Canada
CYVG,Vermillion, AB,Canada
CYVO,Val d'Or, QC,Canada
CYVP,Kuujjuaq, QC,Canada
CYVQ,Norman Wells, NT,Canada
CYVR,Vancouver/Intl., Man.,Canada
CYVV,Wiarton, ON,Canada
CYWA,Petawawa, ON,Canada
CYWG,Winnipeg/Intl., Man.,Canada
CYWL,Williams Lake, BC,Canada
CYXC,Cranbrook/Canadian Rockies Intl, BC,Canada
CYXD,Edmonton City Centre (Blatchford Field), AB,Canada
CYXE,Saskatoon/John G. Diefenbaker, Sask.,Canada
CYXJ,Fort St John, BC,Canada
CYXR,Earlton (Timiskaming Regional), ON,Canada
CYXS,Prince George, BC,Canada
CYXU,London, Ont.,Canada
CYXX,Abbotsford, B.C.,Canada
CYXY,Whitehorse/Erik Nielsen Intl, YT,Canada
CYXZ,Wawa, ON,Canada
CYYB,Northern Bay, ON,Canada
CYYC,Calgary, Alta.,Canada
CYYD,Smithers, BC,Canada
CYYE,Fort Nelson, BC,Canada
CYYF,Penticton, BC,Canada
CYYJ,Victoria Intl., B.C.,Canada
CYYN,Swift Current, SK,Canada
CYYQ,Churchill, Man.,Canada
CYYR,Goose, Nfld.,Canada
CYYT,St. John's, Nfld.,Canada
CYYU,Kapuskasing, ON,Canada
CYYW,Armstrong, ON,Canada
CYYY,Mont-Joli, QC,Canada
CYYZ,Toronto/Intl., Ont.,Canada
CYZE,Gore bay-Manitoulin, ON,Canada
CYZF,Yellowknife, N.W.T.,Canada
CYZP,Sandspit, BC,Canada
CYZT,Port Hardy, BC,Canada
CYZV,Sept-Iles (Seven Islands), Que.,Canada
CYZW,Teslin, YT,Canada
CYZX,Greenwood, N.S.,Canada
CYZY,Mackenzie, BC,Canada
DAAD,Bou Saada,Algeria
DAAE,Bejaia/Soummam,Algeria
DAAG,Alger/Houari Boumediene,Algeria
DAAJ,Djanet,Algeria
DAAP,Illizi,Algeria
DAAS,Sétif/Ain-Arnat,Algeria
DAAT,Tamanrasset,Algeria
DAAY,Mecheria,Algeria
DABB,Annaba/El Mellah,Algeria
DABC,Constantine/Ain El Bey,Algeria
DABP,Skikda,Algeria
DABS,Tebessa,Algeria
DABT,Batna,Algeria
DAMM,Alger (Centre régional des télécommunications météorologiques),Algeria
DAOB,Tiaret,Algeria
DAOF,Tindouf,Algeria
DAOI,Ech-Cheliff,Algeria
DAOL,Oran/Tafaroui,Algeria
DAON,Tlemcen/Zénata,Algeria
DAOO,Oran/Es Senia,Algeria
DAOR,Bechar/Ouakda,Algeria
DAOV,Ghriss,Algeria
DATG,In Guezzam,Algeria
DATM,Bordj Mokhtar,Algeria
DAUA,Adrar/Touat,Algeria
DAUB,Biskra,Algeria
DAUE,El Golea,Algeria
DAUG,Ghardaia/Noumerate,Algeria
DAUH,Hassi Messaoud/Oued Irara,Algeria
DAUI,In Salah,Algeria
DAUK,Touggourt/Sidi Mahdi,Algeria
DAUL,Laghouat,Algeria
DAUO,El Oued/Guemar,Algeria
DAUT,Timimoun,Algeria
DAUU,Ouargla,Algeria
DAUZ,Zarzaitine/In Aménas,Algeria
DBBB,Cotonou/Cadjehoun,Benin
DEMS,New Delhi,India
DFFD,Ouagadougou Airport,Burkina Faso
DGAA,Accra/Kotoka Intl.,Ghana
DHHH,Ouagadougou (AD),Burkina Faso
DHHV,Ouagadougou (Ville),Burkina Faso
DIAP,Abidjan/Port Bouet,Cote d'Ivoire
DIBK,Bouake,Cote d'Ivoire
DKPY,Pyongyang,Democratic People's Republic of Korea
DNAA,Abuja/N Namdi Azikiwe,Nigeria
DNKK,Kano,Nigeria
DNKN,Kano Mallam Aminu Kano,Nigeria
DNMM,Lagos/Murtala Muhammed,Nigeria
DRRN,Niamey (Airport),Niger
DTTA,Tunis/Carthage,Tunisia
DTTB,Bizerte/Sidi Ahmed,Tunisia
DTTD,Remada,Tunisia
DTTF,Gafsa,Tunisia
DTTG,Gabès,Tunisia
DTTJ,Jerba/Zarzis,Tunisia
DTTK,Kairouan,Tunisia
DTTL,Kélibia,Tunisia
DTTM,Monastir/Skanès,Tunisia
DTTN,Jendouba,Tunisia
DTTX,Sfax/El Maou,Tunisia
DTTZ,Tozeur,Tunisia
DXXX,Lomé,Togo
EBBR,Bruxelles/National,Belgium
EBSH,Saint Hubert,Belgium
EBST,Sint-Truiden,Belgium
EBSZ,Semmerzake (Mil.),Belgium
EBUM,Brussels (IRM),Belgium
EBWM,BEAUVECHAIN (MET MIL),Belgium
ECED,ECMWF,United Kingdom of Great Britain and Northern Ireland
ECEM,European Centre for Medium Range Weather Forecasts,United Kingdom of Great Britain and Northern Ireland
ECEP,European Centre for Medium Range Weather Forecasts,European Centre for Medium Range Weather Forecasts
ECMF,European Centre for Medium Range Weather Forecasts,European Centre for Medium Range Weather Forecasts
ECMG,European Centre for Medium Range Weather Forecasts,European Centre for Medium Range Weather Forecasts
ECMW,European Centre for Medium Range Weather Forecasts,European Centre for Medium Range Weather Forecasts
ECSF,European Centre for Medium Range Weather Forecasts,European Centre for Medium Range Weather Forecasts
EDAC,Altenburg-Nobitz,Germany
EDAH,Heringsdorf,Germany
EDBB,Berlin/Tempelhof,Germany
EDBM,Magdeburg,Germany
EDDB,Berlin-Schonefeld,Germany
EDDC,Dresden,Germany
EDDE,Erfurt,Germany
EDDF,Frankfurt Main,Germany
EDDG,Munster/osnabruck,Germany
EDDH,Hamburg,Germany
EDDI,Berlin-Tempelhof,Germany
EDDK,Köln-Bonn,Germany
EDDL,Düsseldorf,Germany
EDDM,München,Germany
EDDN,Nürnberg,Germany
EDDP,Leipzig/Halle,Germany
EDDR,Saarbrucken,Germany
EDDS,Stuttgart,Germany
EDDT,Berlin-Tegel,Germany
EDDV,Hannover,Germany
EDDW,Bremen,Germany
EDFF,Frankfurt/Main/ ACC/FIC,Germany
EDFH,Hahn,Germany
EDHI,Hamburg-Finkenwerder,Germany
EDHK,Kiel-Holtenau,Germany
EDHL,Lubeck-Blankensee,Germany
EDLL,Dusseldorf ACC/FIC,Germany
EDLN,Monchengladbach,Germany
EDLP,Paderborn-Lippstadt,Germany
EDLR,Paderborn-Haxterberg,Germany
EDLW,Dortmund-Wickede,Germany
EDMA,Augsburg,Germany
EDMM,Munchen ACC/FIC,Germany
EDMO,Oberfaffenhofen,Germany
EDNY,Friedrichshafen,Germany
EDOP,Schwerin-Parchim,Germany
EDQD,Bayreuth,Germany
EDQM,Hof,Germany
EDSB,Karlsruhe/Baden-Baden,Germany
EDTL,Lahr,Germany
EDVE,Braunschweig Lba,Germany
EDVK,Kassel-Calden,Germany
EDWW,Bremen ACC/FIC,Germany
EDXW,Westerland/Sylt,Germany
EDZB,Berlin Met Reg Center,Germany
EDZE,Essen Met Reg Center,Germany
EDZF,Frankfurt /Main Met Reg Center,Germany
EDZH,Hamburg Met Reg Center,Germany
EDZL,Leipzig met Reg Center,Germany
EDZM,Munchen Met Reg Center,Germany
EDZO,Offenbach,Germany
EDZW,Offenbach (Met. COM Centre),Germany
EEKE,Kuressaare,Estonia
EEMH,Meteorological and Hydrological Institute,Estonia
EETN,Tallinn Airport,Estonia
EETU,Tartu/Ulenurme,Estonia
EFET,Enontekio,Finland
EFHA,Halli,Finland
EFHF,Helsinki-Malmi,Finland
EFHK,Helsinki,Finland
EFIV,Ivalo,Finland
EFJO,Joensuu,Finland
EFJY,Jyvaskyla,Finland
EFKA,Kauhava,Finland
EFKE,Kemi-Tornio,Finland
EFKI,Kajaani,Finland
EFKK,Kruunupyy,Finland
EFKL,Helsinki (MET Institute),Finland
EFKS,Kuusamo,Finland
EFKT,Kittila,Finland
EFKU,Kuopio,Finland
EFLP,Lapeenranta,Finland
EFMA,Mariehamn,Finland
EFMI,Mikkeli,Finland
EFOU,Oulu,Finland
EFPO,Pori,Finland
EFRO,Rovaniemi,Finland
EFSA,Savonlinna,Finland
EFSI,Seinajoki,Finland
EFSO,Sodankyla,Finland
EFTP,Tampere-Pirkkala,Finland
EFTU,Turku,Finland
EFUT,Utti,Finland
EFVA,Vaasa,Finland
EFVR,Varkaus,Finland
EGCC,Manchester,United Kingdom of Great Britain and Northern Ireland
EGGY,UK MOTNE CENTRE,United Kingdom of Great Britain and Northern Ireland
EGKK,London/Gatwick,United Kingdom of Great Britain and Northern Ireland
EGLL,London/Heathrow,United Kingdom of Great Britain and Northern Ireland
EGNN,Preston (ATCC-Civil),United Kingdom of Great Britain and Northern Ireland
EGPK,Prestwick Airport,United Kingdom of Great Britain and Northern Ireland
EGPX,Prestwick (Scottish ATCC-Civil, and Oceanic ATC),United Kingdom of Great Britain and Northern Ireland
EGRR,Bracknell,United Kingdom of Great Britain and Northern Ireland
EGTX,London ATCC (COM, MET),United Kingdom of Great Britain and Northern Ireland
EHAM,Amsterdam/Schiphol,Netherlands
EHDB,De Bilt,Netherlands
EIDB,Dublin (MET, COM Centre),Ireland
EIDW,Dublin,Ireland
EJRC,Joint Research Centre (Ispra),Italy
EKAH,Tirstrup,Denmark and Faroe Islands
EKBI,Billund,Denmark and Faroe Islands
EKCH,København/Kastrup (Copenhagen-Copenhague),Denmark and Faroe Islands
EKEB,Esbjerg,Denmark and Faroe Islands
EKGF,Tyra Oest,Denmark and Faroe Islands
EKKA,Karup,Denmark and Faroe Islands
EKMB,Maribo,Denmark and Faroe Islands
EKMI,Danish Meteorological Institute,Denmark and Faroe Islands
EKMK,Karup (Mil MET Centre),Denmark and Faroe Islands
EKOD,Odense,Denmark and Faroe Islands
EKRK,København/Roskilde,Denmark and Faroe Islands
EKRN,Rønne,Denmark and Faroe Islands
EKSB,Sønderborg,Denmark and Faroe Islands
EKSN,Sindal,Denmark and Faroe Islands
EKSP,Skrydstrup,Denmark and Faroe Islands
EKSV,Skive,Denmark and Faroe Islands
EKTS,Thisted,Denmark and Faroe Islands
EKVA,Vandel,Denmark and Faroe Islands
EKVD,Kolding/Vamdrup,Denmark and Faroe Islands
EKVG,Vagar, Faroe Is.,Denmark and Faroe Islands
EKVJ,Stauning,Denmark and Faroe Islands
EKVL,Vaerløse,Denmark and Faroe Islands
EKYT,Ålborg,Denmark and Faroe Islands
ELLX,Luxembourg,Luxembourg
ENAL,Ålesund/Vigra,Norway
ENAN,Andøya,Norway
ENAT,Alta,Norway
ENBJ,Bjornoya,Norway
ENBL,Forde/Bringeland,Norway
ENBN,Brønnøysund/Brønnøy,Norway
ENBO,Bodø,Norway
ENBR,Bergen/Flesland,Norway
ENBS,Batsfjord,Norway
ENBV,Berlevåg,Norway
ENCN,Kristiansand/Kjevik,Norway
ENDI,Dagali,Norway
ENDU,Bardufoss,Norway
ENEK,Ekofisk,Norway
ENEV,Evenes,Norway
ENFB,Oslo/Fornebu,Norway
ENFD,Forde,Norway
ENFG,Fagernes/Leirin,Norway
ENFL,Floro,Norway
ENFR,Frigg,Norway
ENGC,Gullfax C,Norway
ENGM,Oslo/Gardermoen,Norway
ENHD,Haugesund/Karmoy,Norway
ENHF,Hammerfest,Norway
ENHK,Hasvik,Norway
ENHO,Hopen,Norway
ENHV,Honningsvag/Valan,Norway
ENKB,Kristiansund/Kvernberget,Norway
ENKR,Kirkenes/Høybuktmoen,Norway
ENLI,Lista,Norway
ENLK,Leknes,Norway
ENMH,Mehamn,Norway
ENMI,Oslo (Norwegian Meteorological Institute),Norway
ENML,Molde/Arø,Norway
ENMS,Mosjoen/Kjaerstad,Norway
ENNA,Banak,Norway
ENNK,Narvik/Framnes,Norway
ENNM,Namsos,Norway
ENNO,Notodden,Norway
ENOA,Oseberg A,Norway
ENOL,Ørland,Norway
ENOV,Orsta-Volda/Hovden,Norway
ENRA,Mo i Rana/Røssvoll,Norway
ENRM,Rorvik/Ryum,Norway
ENRO,Roros,Norway
ENRS,Rost,Norway
ENRY,Rygge,Norway
ENSB,Svalbard/Longyear,Norway
ENSD,Sandane/Anda,Norway
ENSF,Statfjord-A,Norway
ENSG,Sogndal/Haukasen,Norway
ENSH,Svolvaer/Helle,Norway
ENSK,Stokmarknes/Skagen,Norway
ENSN,Skien/Geiteryggen,Norway
ENSO,Stord,Norway
ENSR,Sorkjosen,Norway
ENSS,Svartnes,Norway
ENST,Sandnessjoen/Stokka,Norway
ENTC,Tromsø/Langnes,Norway
ENTO,Trop,Norway
ENVA,Trondheim/Vaernes,Norway
ENVD,Vadso,Norway
ENVV,Bergen (MET Forecasting Centre),Norway
ENZV,Stavanger/Sola,Norway
ESCF,Linlöping Malmen,Sweden
ESCM,Uppsala,Sweden
ESDB,Ängelholm,Sweden
ESDF,Ronneby,Sweden
ESGG,Göteborg/Landvetter,Sweden
ESGJ,Jönköping,Sweden
ESGP,Göteborg/Säve,Sweden
ESGR,Skövde,Sweden
ESGT,Trollhättan-Vänersborg,Sweden
ESIB,Såtenäs,Sweden
ESKM,Mora/Siljan,Sweden
ESKN,Stockholm/Skavsta,Sweden
ESMK,Kristianstad,Sweden
ESMQ,Kalmar,Sweden
ESMS,Malmö/Sturup,Sweden
ESMT,Halmstad,Sweden
ESMX,Växjö/Kronoberg,Sweden
ESNG,Gällivare,Sweden
ESNK,Kramfors-Sollefteå,Sweden
ESNL,Lycksele,Sweden
ESNN,Sundsvall-Härnösand,Sweden
ESNO,Örnsköldsvik,Sweden
ESNQ,Kiruna,Sweden
ESNS,Skellefteå,Sweden
ESNU,Umeå,Sweden
ESNY,Söderhamn,Sweden
ESOE,Örebro,Sweden
ESOK,Karlstad,Sweden
ESOW,Västeras/Hässlö,Sweden
ESPA,Luleå/Kallax,Sweden
ESPC,Östersund/Frösön,Sweden
ESPE,Vidsel,Sweden
ESSA,Stockholm/Arlanda,Sweden
ESSB,Stockholm/Bromma,Sweden
ESSD,Borlänge,Sweden
ESSF,Hultsfred-Vimmerby,Sweden
ESSK,Gävle-Sandviken,Sweden
ESSL,Linköping/Saab,Sweden
ESSP,Norrköping/Kungsängen,Sweden
ESSS,Stockholm/Arlanda (AFTN COM Centre),Sweden
ESSV,Visby,Sweden
ESTL,Ljungbyhed,Sweden
ESUD,Storuman,Sweden
ESUT,Hemavan,Sweden
ESWI,Norrköping (Swedish Meteorological and Hydrological Institute),Sweden
ETGT,Euskirchen Mil. Met Com Center,Germany
EUMC,--,EUMETSAT (Darmstadt)
EUMG,EUMETSAT (Darmstadt),EUMETSAT (Darmstadt)
EUMP,EUMETSAT (Darmstadt),EUMETSAT (Darmstadt)
EUMR,EUMETSAT (Darmstadt),EUMETSAT (Darmstadt)
EUMS,EUMETSAT (Darmstadt),EUMETSAT (Darmstadt)
EUMT,EUMETSAT (Darmstadt),EUMETSAT (Darmstadt)
EUSR,European Space Research Institute (Frascati),Italy
EVLA,Liepaja,Latvia
EVRA,Riga (Airport),Latvia
EVRR,Riga,Latvia
EYHM,Vilnius,Lithuania
EYKA,Kaunas Intl.,Lithuania
EYPA,Palanga Intl.,Lithuania
EYSA,Siauliai Intl,Lithuania
EYVI,Vilnius Intl.,Lithuania
FABL,Bloemfontein/J.B.M. Hertzog,South Africa (Gough & Marion Islands)
FACT,Cape Town (Kaapstad) D.F. Malan,South Africa (Gough & Marion Islands)
FADN,Durban/Louis Botha,South Africa (Gough & Marion Islands)
FAGE,Gough Island,South Africa (Gough & Marion Islands)
FAGG,George (George Airport),South Africa (Gough & Marion Islands)
FAJS,Johannesburg/Jan Smuts,South Africa (Gough & Marion Islands)
FAKM,Kimberley (Kimberley Airport),South Africa (Gough & Marion Islands)
FAME,Marion Island,South Africa (Gough & Marion Islands)
FAMM,Mmabatho (Mmabatho International Airport),South Africa (Gough & Marion Islands)
FAPE,Port Elizabeth/H.F. Verwoerd,South Africa (Gough & Marion Islands)
FAPR,Pretoria (MET),South Africa (Gough & Marion Islands)
FASE,S.A.N.A.E. Station (Antarctic/Antarctique),Operated by South Africa
FATC,Tristan de Cunha,South Africa (Gough & Marion Islands)
FAUP,Upington (Upington Airport),South Africa (Gough & Marion Islands)
FAWK,Waterkloof (SAAF),South Africa (Gough & Marion Islands)
FBFT,Francistown,Botswana
FBGR,Gaborone,Botswana
FBGZ,Ghanzi,Botswana
FBJW,Jwaneng,Botswana
FBMN,Maun,Botswana
FBSK,Seretse Khama/International Airport,Botswana
FBSP,Selebi-Phikwe,Botswana
FCBB,Brazzaville/Maya-Maya (FIC, COM, NOF),Congo
FCPP,Pointe Noire,Congo
FDMS,Manzini/Matsapha,Swaziland
FEFF,Bangui M'Poko,Central African Republic
FEFT,Berberati,Central African Republic
FEFV,Bangui (Ville),Central African Republic
FGSL,Malabo,Equatorial Guinea
FHAW,Wideawake,Ascension Island
FHSB,Bottom Woods,St. Helena Island
FIMM,Mauritius/FIC,Mauritius
FIMP,Mauritius/Plaisance,Mauritius
FJDG,Diego Garcia,British Indian Ocean Territory
FKKD,Douala,Cameroon
FKKN,N'Gaoundere,Cameroon
FKKR,Garoua,Cameroon
FKYS,Yaounde/Nsimalen,Cameroon
FLLS,Lusaka/Lusaka,Zambia
FMCH,Moroni/Hahaia,Comoros
FMCN,Moroni,Comoros
FMCZ,Dzaoudzi Pamanzi,Comoros
FMEE,Saint-Denis/Gillot,Reunion
FMMD,Antananarivo (Ville),Madagascar
FMMI,Antananarivo/Ivato,Madagascar
FMMT,Tamatave,Madagascar
FMNM,Majunga/Amborovy,Madagascar
FMNN,NOSY-BE,Madagascar
FNLU,Luanda,Angola
FOOL,Libreville/Léon M'Ba,Gabon
FPST,Sâo Tomé,Sao Tome and Principe
FQBR,Beira,Mozambique
FQMA,Maputo,Mozambique
FQNP,Nampula,Mozambique
FQQL,Quelimane,Mozambique
FQTT,Tete/Chingozi,Mozambique
FRNZ,Kyzyl-Suu,Kyrgyzstan
FSIA,Seychelles Intl.,Seychelles
FSSS,Seychelles ATCC,Seychelles
FTTJ,Ndjamena,Chad
FUBA,Bujumbura,Burundi
FVBU,Bulawayo/Bulawayo,Zimbabwe
FVHA,Harare (AD, FIC,NOF, COM),Zimbabwe
FWCL,Blantyre/Chileka,Malawi
FWLI,Lilongwe/Lilongwe International,Malawi
FXMM,Maseru Moshoeshoe Intl.,Lesotho
FXMU,Maseru/Leabua Jonathan,Lesotho
FYHY,Halley,Operated by the United Kingdom
FYKT,Keetmanshoop,Namibia
FYWB,Walvis Bay,Namibia
FYWH,Windhoek Airport/Lughawe,Namibia
FYWW,Windhoek (Town/Stad Met),Namibia
FZAA,Kinshasa/Ndjili,Democratic Republic of the Congo
GABB,Bamako Airport,Mali
GABS,Bamako/Sénou,Mali
GBYD,Banjul/Yundum,Gambia
GCFV,Fuerteventura,Canary Islands (Spain)
GCLP,Las Palmas de Gran Canaria,Canary Islands (Spain)
GCRR,Lanzarote,Canary Islands (Spain)
GCXO,Tenerife,Canary Islands (Spain)
GFLL,Freetown/Lungi,Sierra Leone
GGOV,Bissau/Oswaldo Vieira Intl.,Guinea-Bissau
GLRB,Monrovia/Roberts Intl.,Liberia
GMAA,Agadir/Inezgane,Morocco
GMFF,Fès/Saïss,Morocco
GMFM,Meknès/Bassatine,Morocco
GMFO,Oujda/Angad,Morocco
GMMC,Casablanca/Anfa,Morocco
GMME,Rabat/Salé,Morocco
GMMM,Casablanca (ACC/FIC),Morocco
GMMN,Casablanca/Mohamed V,Morocco
GMMX,Marrakech/Ménara,Morocco
GMMZ,Ouarzazate,Morocco
GMTA,Al Hoceima/Côte du Rif,Morocco
GMTN,Tetouán/Sania Ramel,Morocco
GMTT,Tanger/Boukhalf,Morocco
GOBD,Blaise Diagne International Airport,Senegal
GOOY,Dakar/Yoff (COM, ACC, FIC, TWR, NOF),Senegal
GQNN,Nouakchott,Mauritania
GQNO,Nouakchott-OumtounsyInternational Airport – Nouakchott,Mauritania
GQPP,Nouadhibou,Mauritania
GSAI,El Aaiún,Western Sahara
GSVO,Villa Cisneros,Western Sahara
GUCY,Conakry/Gbessia,Guinea
GUFH,Faranah/Badala,Guinea
GULB,Labe/Tata,Guinea
GVAC,Sal, Ilha de Sal / Amilcar Cabral,Cabo Verde
GVBA,RABIL/BOA VISTA ISLAND,Cabo Verde
GVNP,PRAIA,Cabo Verde
GVSV,SAO PEDRO/SAO VICENTE ISLAND,Cabo Verde
HAAB,Addis Ababa,Ethiopia
HAAS,Asmara,Ethiopia
HABM,--,Hungary
HABP,Budapest,Hungary
HADR,Dire Dawa,Ethiopia
HADS,Addis Ababa,Ethiopia
HAHI,--,Ethiopia
HAMS,Massawa,Ethiopia
HASB,Assab,Ethiopia
HBBA,Bujumbura,Burundi
HCMI,Berbera,Somalia
HCMM,Mogadiscio,Somalia
HDAM,Djibouti/Ambouli,Djibouti
HECA,Cairo (Le Caire),Egypt
HHAS,Asmara,Eritrea
HKAL,--,Kenya
HKAR,--,Kenya
HKBO,--,Kenya
HKBR,Bura,Kenya
HKBU,Bungoma,Kenya
HKCH,--,Kenya
HKEL,Eldoret International,Kenya
HKEM,Embu,Kenya
HKGB,Garba Tula,Kenya
HKGR,--,Kenya
HKHO,Hola,Kenya
HKIJ,--,Kenya
HKIT,--,Kenya
HKKC,--,Kenya
HKKD,--,Kenya
HKKG,Kakamega,Kenya
HKKS,--,Kenya
HKLB,--,Kenya
HKLK,Lokichogio,Kenya
HKLP,--,Kenya
HKLT,Loitokitok,Kenya
HKMA,Mandera,Kenya
HKMD,--,Kenya
HKMI,Maral (Kisima),Kenya
HKMM,Masai Mara Camp,Kenya
HKMO,Mombasa,Kenya
HKMP,--,Kenya
HKMR,Mackinnon Road,Kenya
HKMW,--,Kenya
HKNA,Nairobi ACC/FIC/RCC/MET/COM,Kenya
HKNC,Nairobi,Kenya
HKNR,--,Kenya
HKNS,--,Kenya
HKNV,Naivasha,Kenya
HKOL,--,Kenya
HKSH,--,Kenya
HKTA,--,Kenya
HKTF,--,Kenya
HLGN,Gamal Abd El Nasser (Mil),Libya
HLLB,Benghazi/Benina,Libya
HLLS,Sebha,Libya
HLLT,Tripoli/Intl.,Libya
HLTD,Ghadames,Libya
HRYR,Kigali,Rwanda
HSSS,Khartoum,Sudan
HTDA,Dar-es-Salaam/Dar-es-Salaam (APP, TWR, NOF, MET, Civil Airlines),Tanzania, United Republic of
HTKJ,Kilimanjaro (APP, TWR, AIS, MET, Civil Airlines),Tanzania, United Republic of
HUEN,Entebbe,Uganda
IAEA,International Atomic Energy Agency,Germany
K1V4,--,United States of America
K3B1,--,United States of America
K3OI,--,United States of America
K3SE,--,United States of America
K4OM,--,United States of America
K5I3,--,United States of America
KAAI,--,United States of America
KABE,Allentown-Bethlehem-Easton, PA,United States of America
KABI,Abilene/Regional, TX,United States of America
KABQ,Albuquerque/Intl, NM,United States of America
KABR,Aberdeen Rgnl, SD,United States of America
KABY,Southwest Georgia Rgnl, Albany, GA,United States of America
KACK,Nantucket Memorial, MA,United States of America
KACR,--,United States of America
KACT,Waco Rgnl, TX,United States of America
KACV,Arcata/Eureka, CA,United States of America
KACY,Atlantic City/Intl, NJ,United States of America
KADM,Ardmore Municipal Airport – Ardmore, OK,United States of America
KAER,--,United States of America
KAEX,Alexandria Intl Arpt, Alexandria, LA,United States of America
KAFC,--,United States of America
KAFG,--,United States of America
KAGC,Pittsburgh/Allegheny County, PA,United States of America
KAGR,MacDill AFB Auxiliary Field – Avon Park, FL,United States of America
KAGS,August/Bush Field, GA,United States of America
KAHN,Athens/Ben Epps, GA,United States of America
KAJK,--,United States of America
KAKO,Colorado Plains Regional Airport – Akron, CO,United States of America
KAKQ,Wakefield Municipal Airport – Wakefield, VA,United States of America
KALB,Albany/Albany, NY,United States of America
KALI,Alice Intl, TX,United States of America
KALO,Waterloo Muni, IA,United States of America
KALR,--,United States of America
KALS,San Luis Valley Regional Airport – Alamosa, CO,United States of America
KALU,--,United States of America
KALW,Walla Walla Rgnl, WA,United States of America
KALY,--,United States of America
KAMA,Amarillo Intl, TX,United States of America
KAMG,Bacon County Airport – Alma, GA,United States of America
KANB,Anniston Metropolitan, AL,United States of America
KAND,Anderson County, SC,United States of America
KAOH,Lima Allen County Airport – Lima, OH,United States of America
KAOO,Altoona-Blair County, PA,United States of America
KAPG,Aberdeen/Phillips AAF Proving Ground, MD,United States of America
KAPN,Alpena County Rgnl, MI,United States of America
KAPX,--,United States of America
KAQQ,--,United States of America
KARA,Acadiana Regional Airport – New Iberia, LA,United States of America
KARB,Ann Arbor Municipal Airport – Ann Arbor, Michigan,United States of America
KARH,--,United States of America
KARK,--,United States of America
KARP,--,United States of America
KARS,U.S. Argos Communications Centre, Landover, MD,United States of America
KART,Watertown Intl, NY,United States of America
KARX,--,United States of America
KAST,Astoria Regional Airport – Astoria, OR,United States of America
KATL,Atlanta, GA,United States of America
KATW,Appleton International Airport – Greenville, WI,United States of America
KATY,Watertown Muni, SD,United States of America
KAUG,Augusta State Airport – Augusta, ME,United States of America
KAUS,Austin-Bergstrom Intl Arpt, Austin, TX,United States of America
KAUW,Wausau Downtown Airport – Wausau, WI,United States of America
KAVL,Asheville Rgnl, NC,United States of America
KAVP,Scranton/Wilkes-Barre Intl, PA,United States of America
KAWH,--,United States of America
KAWN,Tinker AFB, Oklahoma City, OK (Automated Weather Network Switching Center),United States of America
KAXN,Alexandria/Chandler Fld, MN,United States of America
KAYS,--,United States of America
KBAB,Marysville/Beale AFB, CA,United States of America
KBAF,Westfield/Barnes Muni, MA,United States of America
KBAL,Baltimore/Friendship Intl. MD,United States of America
KBCE,Bryce Canyon Airport – Bryce Canyon, UT,United States of America
KBCQ,--,United States of America
KBDL,Windsor Locks/Bradlex Intl., CT,United States of America
KBDR,Bridgeport/Igor I Sikorsky Memorial, CT,United States of America
KBFD,Bradford Rgnl, PA,United States of America
KBFF,Scottsbluff/William B Heilig Field, NE,United States of America
KBFI,Seattle Boeing Field/King county Intl., WA,United States of America
KBFL,Bakersfield/Meadows Field, CA,United States of America
KBGD,Hutchinson County Airport – Borger, TX,United States of America
KBGM,Binghamton Regional/Edwin A Linkfield, NY,United States of America
KBGR,Bangor/Intl., ME,United States of America
KBHM,Birmingham, AL,United States of America
KBIA,--,United States of America
KBID,Block Island State Airport – Block Island, RI,United States of America
KBIH,Eastern Sierra Regional Airport – Bishop, CA,United States of America
KBIL,Billings Logan Intl, MT,United States of America
KBIS,Bismarck Muni, ND,United States of America
KBIV,West Michigan Regional Airport – Holland, MI,United States of America
KBIX,Keesler AFB, Biloxi, MS,United States of America
KBJI,Bemidji Regional Airport – Bemidji, MN,United States of America
KBKA,--,United States of America
KBKE,Baker/Muni, OR,United States of America
KBKW,Beckley/Raleigh County Memorial, WV,United States of America
KBLF,Mercer County Airport – Bluefield, WV,United States of America
KBLH,Blythe Airport – Blythe, CA,United States of America
KBLI,Bellingham/Intl, WA,United States of America
KBLU,Blue Canyon-Nyack Airport – Emigrant Gap, CA,United States of America
KBMI,Bloomington/Normal, IL,United States of America
KBMX,--,United States of America
KBNA,Nashville Intl, TN,United States of America
KBNO,Burns Municipal Airport – Burns, OR,United States of America
KBOA,--,United States of America
KBOI,Boise Air Terminal/Gowen Fld, ID,United States of America
KBOS,Boston/Logan, MA,United States of America
KBOU,--,United States of America
KBOX,--,United States of America
KBPI,Big Piney-Marbleton Airport – Big Piney, WY,United States of America
KBPT,Beaumont Port-Arthur/Jefferson County, TX,United States of America
KBRD,Brainerd Lakes Regional Airport – Brainerd, MI,United States of America
KBRL,Burlington Muni, IA,United States of America
KBRO,Brownsville/South Padre Is Intl, TX,United States of America
KBTL,Battle Creek/W K Kellogg, MI,United States of America
KBTM,Butte/Bert Mooney, MT,United States of America
KBTR,Baton Rouge Metropolitanl/Ryan Field, LA,United States of America
KBTV,Burlington, VT,United States of America
KBUF,Buffalo/Greater Buffalo Intl., NY,United States of America
KBUR,burbank/Glendale-Passadena, CA,United States of America
KBVE,--,United States of America
KBWG,Bowling Green/Warren County Rngl, KY,United States of America
KBWI,Baltimore/Baltimore-Washington Intl., MD,United States of America
KBWL,--,United States of America
KBYH,Blytheville, Arkansas Intl Arpt, AR,United States of America
KBYI,Burley Muni, ID,United States of America
KBYV,--,United States of America
KBYZ,--,United States of America
KBZN,Bozeman Mt. Gallatin Fld,United States of America
KCAE,Columbia Metropolitan, SC,United States of America
KCAG,Craig-Moffat Airport – Craig, CO,United States of America
KCAK,Akron-Canton Rgnl, OH,United States of America
KCAO,Clayton Municipal Airpark – Clayton, NM,United States of America
KCAR,Caribou Muni, ME,United States of America
KCBM,Columbus AFB, MS,United States of America
KCCI,--,United States of America
KCDC,Cedar City Muni, UT,United States of America
KCDR,Chadron Municipal Airport – Chadron, NE,United States of America
KCDS,Childress Municipal Airport – Childress, TX,United States of America
KCEF,Springfield-Chicope/Westover AFB Metropolitan, MA,United States of America
KCHA,Chattanooga/Lovell, TN,United States of America
KCHH,--,United States of America
KCHI,Chicago/Du Page County Airport and Chicago Metropolitan area, IL,United States of America
KCHO,Charlottesville-Albemarle, VA,United States of America
KCHS,Charleston/Municipal and AFB, SC,United States of America
KCID,Cedar Rapids Muni, IA,United States of America
KCIR,Cairo Regional Airport – Cairo, IL,United States of America
KCKB,Clarksbzrg/Benedum, WV,United States of America
KCKL,--,United States of America
KCLE,Cleveland/Hopkins Intl, OH,United States of America
KCLL,College Station/Easterwood Fld, TX,United States of America
KCLT,Charlotte/Douglas Intl, NC,United States of America
KCMF,--,United States of America
KCMH,Columbus/Port Columbus Intl, OH,United States of America
KCMI,Champaign-Urbana Univresity of Illinois Willard, IL,United States of America
KCNK,Blosser Municipal Airport – Concordia, KS,United States of America
KCNM,Carlsbad/Cavern City Air Terminal, NM,United States of America
KCNU,Chanute Martin Johnson Airport – Chanute, KS,United States of America
KCOA,--,United States of America
KCOD,Yellowstone Regional Airport – Cody, WY,United States of America
KCOF,Cocoa/Patrick AFB, FL,United States of America
KCOM,Coleman Municipal Airport – Coleman, TX,United States of America
KCON,Concord Municipal Airport – Concord, NH,United States of America
KCOS,Colorado Springs Municipal,United States of America
KCOT,Cotulla-La Salle County Airport – Cotulla, TX,United States of America
KCOU,Columbia Rgnl, MO,United States of America
KCPR,Casper/Natrona County Intl, WY,United States of America
KCQT,--,United States of America
KCRH,--,United States of America
KCRP,Corpus Christi/Intl, TX,United States of America
KCRT,Z.M. Jack Stell Field – Crossett, AR,United States of America
KCRW,Charleston/Yeager, WV,United States of America
KCSG,Columbus Metropolitan, GA,United States of America
KCSH,--,United States of America
KCSM,Clinton-Sherman Airport – Clinton, OK,United States of America
KCSV,Crossville Memorial, TN,United States of America
KCTB,Cut Bank Muni, MT,United States of America
KCTP,--,United States of America
KCTY,Cross City Airport – Cross City, FL,United States of America
KCVG,Covington-Cincinnati/Northern Kentucky Intl, KY,United States of America
KCVS,Clovis AFB, NM,United States of America
KCXY,Capital City Airport – Harrisburg, PA,United States of America
KCYA,--,United States of America
KCYP,--,United States of America
KCYS,Cheyenne Regional Airport (Jerry Olson Field) – Cheyenne, WY,United States of America
KCZK,Cascade Locks State Airport – Cascade Locks, OR,United States of America
KDAB,Daytona Beach Rgnl, FL,United States of America
KDAG,Barstow-Daggett Airport – Daggett, CA,United States of America
KDAL,Dallas/Love Field, TX,United States of America
KDAN,Danville Regional, VA,United States of America
KDAY,Dayton/James M. Cox Dayton Intl, OH,United States of America
KDBQ,Dubuque Regional, IA,United States of America
KDCA,Washington/National, DC,United States of America
KDDC,Dodge City Regional, KS,United States of America
KDDL,--,United States of America
KDEN,Denver International,United States of America
KDFW,Dallas-Fort Worth/Regional Airport, TX,United States of America
KDHN,Dothan, AL,United States of America
KDHT,Dalhart Municipal Airport – Dalhart, TX,United States of America
KDLH,Duluth/Intl, MN,United States of America
KDLS,Columbia Gorge Regional Airport, OR,United States of America
KDMA,Tucson/Davis Monthan AFB, AZ,United States of America
KDMN,Deming Muni, NM,United States of America
KDMX,--,United States of America
KDOV,Dover AFB, DE,United States of America
KDRA,Desert Rock Airport – Mercury, NV,United States of America
KDRT,Del Rio International Airport – Del Rio, TX,United States of America
KDSM,Des Moines Intl, IA,United States of America
KDTA,Delta Municipal Airport – Delta, UT,United States of America
KDTW,Detroit/Metropolitan Wayne County, MI,United States of America
KDTX,--,United States of America
KDUG,Bisbee-Douglas International Airport – Bisbee / Douglas, AZ,United States of America
KDUJ,Du Bois/Jefferson County, PA,United States of America
KDVD,--,United States of America
KDVN,--,United States of America
KDVR,--,United States of America
KDXR,Danbury Municipal Airport – Danbury, CT,United States of America
KDXZ,St. George Regional Airport – St. George, UT,United States of America
KDYR,Dyersburg Regional Airport – Dyersburg, TN,United States of America
KE74,--,United States of America
KEAT,Pangborn Memorial Airport – Wenatchee, WA,United States of America
KEAU,Eau Claire County, WI,United States of America
KEAX,--,United States of America
KECG,Elizabeth City Coast Guard, NC,United States of America
KEDW,Edwards AFB, CA,United States of America
KEED,Needles Airport – Needles, CA,United States of America
KEEW,--,United States of America
KEHA,Elkhart-Morton County Airport – Elkhart, KS,United States of America
KEHU,--,United States of America
KEKA,Murray Field – Eureka, CA,United States of America
KEKN,Elkins/Jennings Randolph Fld, WV,United States of America
KEKO,Elko Muni-JC Harris Field, NV,United States of America
KELD,El Dorado/Goodwin Field, AR,United States of America
KELM,Elmira/Corning Rgnl , NY,United States of America
KELP,El Paso/Intl., TX,United States of America
KELY,Ely Airport (Yelland Field) – Ely, NV,United States of America
KEMP,Emporia Municipal Airport – Emporia, KS,United States of America
KEND,Enid/Vance AFB, OK,United States of America
KENV,Wendover Airport – Wendover, UT,United States of America
KEPH,Ephrata Municipal Airport – Ephrata, WA,United States of America
KEPZ,--,United States of America
KERI,Erie Intl, PA,United States of America
KESF,Alexandria/Esler Rgnl, LA,United States of America
KEUG,Eugene/Mahlon Swete Field, OR,United States of America
KEVV,Evansville Rgnl, IN,United States of America
KEWN,New Bern/Craven County Rgnl, NC,United States of America
KEWR,Newark/Newark, NJ,United States of America
KEWX,--,United States of America
KEYW,Key West Intl, FL,United States of America
KFAI,--,United States of America
KFAR,Fargo/Hector Intl, ND,United States of America
KFAT,Fresno Yosemite International, CA,United States of America
KFAY,Fayetteville/Regional Grannis Field, NC,United States of America
KFCA,Glacier Park International Airport – Kalispell, MT,United States of America
KFCN,--,United States of America
KFDW,Fairfield County Airport – Winnsboro, SC,United States of America
KFDY,Findlay Airport – Findlay, OH,United States of America
KFFC,Falcon Field – Peachtree City, GA,United States of America
KFGF,--,United States of America
KFGZ,--,United States of America
KFHU,Fort Huachuca/Libby AAF-Sierra Vista Muni, AZ,United States of America
KFLG,Flagstaff/Pulliam, AZ,United States of America
KFLL,Fort Lauderdale/Holywood International, FL,United States of America
KFLO,Florence Regional, SC,United States of America
KFMH,Otis Air National Guard Base – Falmouth, MA,United States of America
KFMN,Four Corners Regional Airport – Farmington, NM,United States of America
KFMY,Page Field – Fort Myers, FL,United States of America
KFNT,Flint/Bishop Intl, MI,United States of America
KFOD,Fort Dodge Regional, IA,United States of America
KFOE,Topeka/Forbes Field, KS,United States of America
KFOK,Francis S. Gabreski Airport – Westhampton Beach, NY,United States of America
KFSD,Sioux Falls/Joe Foss Field, SD,United States of America
KFSI,Ft Sill/Henry Post AAF, OK,United States of America
KFSL,--,United States of America
KFSM,Fort Smith/Regional, AR,United States of America
KFTW,Fort Worth/Meacham, TX,United States of America
KFWA,Fort Wayne International, IN,United States of America
KFWD,--,United States of America
KFWH,--,United States of America
KFWR,--,United States of America
KFYV,Fayetteville/Drake Field, AR,United States of America
KGAG,Gage Airport - Gage, OK,United States of America
KGBN,Gila Bend Air Force Auxiliary Field – Gila Bend, AZ,United States of America
KGCC,Gillette-Campbell County Airport – Gillette, WY,United States of America
KGCK,Garden City, KS,United States of America
KGDP,Dell City Municipal Airport - Dell City, TX,United States of America
KGEG,Spokane/Intl., WA,United States of America
KGFK,Grand Forks/Intl, ND,United States of America
KGFL,Glens Falls/Warren County, NY,United States of America
KGGG,Longview/Gregg County, TX,United States of America
KGGW,Glasgow/Intl, MT,United States of America
KGID,--,United States of America
KGJT,Galveston/Walker Field, CO,United States of America
KGLD,Renner Goodland Municipal Airport – Goodland, KS,United States of America
KGLH,Mid Delta Regional Airport – Greenville, MS,United States of America
KGLS,Galveston, Scholes Fld, TX,United States of America
KGNV,Gainesville Rgnl, FL,United States of America
KGON,Groton-New London, CT,United States of America
KGPI,Kalispell, Glacier Pakr Intl Arpt, MT,United States of America
KGPT,Gulfport/Biloxi Rgnl, MS,United States of America
KGRB,Greenbay/Austin Straubel, WI,United States of America
KGRF,Gray Army Airfield – Fort Lewis, WA,United States of America
KGRI,Grande Island/Central Nebraska Rgnl, NE,United States of America
KGRK,Fort Hood-killeen/Robert Gray AAF, TX,United States of America
KGRR,Grand Rapids/Kent County Intl, MI,United States of America
KGSB,Goldesboro/Seymour-Johnson AFB, NC,United States of America
KGSO,Greensboro, piedmont Triad Intl, NC,United States of America
KGSP,Greer/Greenville-Spartanburg, SC,United States of America
KGTB,Fort Drum/Wheeler-Sack AAF, NY,United States of America
KGTF,Great Falls/Intl, MT,United States of America
KGUM,--,United States of America
KGUP,Gallupm,NM,United States of America
KGUS,Peru/Grissom AFB, IN,United States of America
KGWC,Offutt AFB, Omaha, WA (USAF Global Weather Center),United States of America
KGWO,Greenwood/Le Flore Arpt, MS,United States of America
KGYA,--,United States of America
KGYX,--,United States of America
KHAA,--,United States of America
KHAF,Half Moon Bay Airport – Half Moon Bay, CA,United States of America
KHAP,--,United States of America
KHAR,Harford Airport – Casper, WY,United States of America
KHAT,--,United States of America
KHBR,Hobart Municipal Airport - Hobart, OK,United States of America
KHDO,Hondo Municipal Airport – Hondo, TX,United States of America
KHFD,Hartford-Brainard Airport – Hartford, CT,United States of America
KHFO,--,United States of America
KHGA,--,United States of America
KHGX,--,United States of America
KHHH,--,United States of America
KHIB,Hibbing/Chisholm-Hibbing, MN,United States of America
KHKY,Hickory/Regional, NC,United States of America
KHLC,Hill City Municipal Airport – Hill City, KS,United States of America
KHLN,Helena Regional, MT,United States of America
KHLR,Ft Hood-Killeen/Hood AFB, TX,United States of America
KHMN,Alamogordo/Holloman AFB, NM,United States of America
KHMS,Richland Airport - Richland, WA,United States of America
KHNC,--,United States of America
KHNX,--,United States of America
KHOB,Lea County Regional Airport – Hobbs, NM,United States of America
KHON,Huron Regional, SD,United States of America
KHOP,Fort Campbell (Hopkinsville, KY),United States of America
KHOT,Hot Springs/Memorial Field, AR,United States of America
KHOU,Houston/William P. Hobby, TX,United States of America
KHPN,White Plains/Westchester County,United States of America
KHQA,--,United States of America
KHQM,Hoqiam/Bowerman Fld, WA,United States of America
KHRO,Harrison/Boone County, AR,United States of America
KHRT,--,United States of America
KHSA,Stennis International Airport – Bay St. Louis, MI,United States of America
KHSI,Hastings Municipal Airport – Hastings, NE,United States of America
KHST,Homestead Joint Air Reserve Base – Homestead, FL,United States of America
KHSV,Huntsville/Intl Carl T Jones Feld, AL,United States of America
KHTL,--,United States of America
KHTS,Huntington/Tri-State Milton J Ferguson Field, WV,United States of America
KHUF,Terre Haute/Hulman Regional, IN,United States of America
KHUL,Houlton International Airport – Houlton, ME,United States of America
KHUM,Houma-Terrebonne Airport – Houma, LA,United States of America
KHUN,--,United States of America
KHVN,New Haven/Tweed, CT,United States of America
KHVR,Havre City County Airport – Havre, MT,United States of America
KIAD,Washington/Dulles Intl., DC,United States of America
KIAG,Niagara Falls International, NY,United States of America
KIAH,George Bush Intercontinental/Houston, TX,United States of America
KIBB,--,United States of America
KICT,Wichita Mid-Continent, KS,United States of America
KIDA,Idaho Falls/Fanning Field, ID,United States of America
KIGM,Kingman Airport – Kingman, AZ,United States of America
KILG,Wilmington, New Castle, DE,United States of America
KILM,Wilmington, New Hannover Intl, NC,United States of America
KILN,Airborne Airpark – Wilmington, OH,United States of America
KILW,--,United States of America
KILX,--,United States of America
KIND,Indianapolis/Indianapolis-Weir Cook Airport, IN,United States of America
KINL,International Falls, MN,United States of America
KINT,Winston Salem,United States of America
KINW,Winslow-Lindbergh Regional Airport – Winslow, AZ,United States of America
KIOW,Iowa City Municipal Airport – Iowa City, IA,United States of America
KIPL,Imperial County Airport – Imperial, CA,United States of America
KIPT,Williamsport/Lycoming County PA,United States of America
KIRK,Kirksville/Regional, MO,United States of America
KISN,--,United States of America
KISP,Islip/Long Island Macarthur, NY,United States of America
KITB,--,United States of America
KITH,Ithaca Tompkins Regional Airport – Ithaca, NY,United States of America
KIWX,--,United States of America
KJAC,Jackson Hole, WY,United States of America
KJAN,Jackson Intl, MS,United States of America
KJAX,Jacksonville/Intl., FL,United States of America
KJBR,Jonesboro Muni, AR,United States of America
KJCT,Kimble County Airport - Junction, TX,United States of America
KJDG,Diego Garcia-US Navy Relay to Diego Garcia (FJDG),United States of America
KJDN,Jordan Airport – Jordan, MT,United States of America
KJFK,New York/John F. Kennedy Intl., NY,United States of America
KJHW,Chautauqua County-Jamestown Airport – Jamestown, NY,United States of America
KJKL,--,United States of America
KJLN,Joplin Rgnl, MO,United States of America
KJOS,--,United States of America
KJST,Johnstown-Cambria County, PA,United States of America
KKCI,--,United States of America
KKEY,--,United States of America
KKRF,--,United States of America
KKSG,--,United States of America
KLAA,Lamar Municipal Airport – Lamar, CO,United States of America
KLAF,Lafayette/Purdue University, IN,United States of America
KLAL,Lakeland Linder Regional, FL,United States of America
KLAN,Lansing/Capital City, MI,United States of America
KLAR,Laramie/General Brees Field, WY,United States of America
KLAS,Las Vegas/McCarran International, NV,United States of America
KLAX,Los Angeles/Intl., CA,United States of America
KLBB,Lubbock/Intl, TX,United States of America
KLBF,North Platte/Regional, NE,United States of America
KLCH,Lake Charles/Regional, LA,United States of America
KLEB,Lebanon Muni, NH,United States of America
KLEE,Leesburg International Airport – Leesburg, FL,United States of America
KLEX,Lexington/Blue Grass, KY,United States of America
KLFI,Hampton/Langley AFB, VA,United States of America
KLFK,Angelina County Airport – Lufkin, TX,United States of America
KLFT,Lafayette/Regional, LA,United States of America
KLGA,New York/La Guardia, NY,United States of America
KLGB,Long Beach/Daugherty Field, CA,United States of America
KLHX,La Junta Municipal Airport – La Junta, CO,United States of America
KLIC,Limon Municipal Airport – Limon, CO,United States of America
KLIT,Little Rock/Adams Field, AR,United States of America
KLIX,--,United States of America
KLIZ,--,United States of America
KLKD,--,United States of America
KLKH,--,United States of America
KLKN,--,United States of America
KLMK,--,United States of America
KLMT,Klamath Falls International Airport – Klamath Falls, OR,United States of America
KLMX,--,United States of America
KLND,Hunt Field – Lander, WY,United States of America
KLNK,Lincoln/Municipal, NE,United States of America
KLOL,Derby Airport – Lovelock, NV,United States of America
KLOT,Lewis University Airport – Romeoville, IL,United States of America
KLOU,Louisville/Bowman, KY,United States of America
KLOX,--,United States of America
KLOZ,London-Corbin/Mage Field, KY,United States of America
KLRD,Laredo International, TX,United States of America
KLRF,Jacksonville, Little Rock AFB, AR,United States of America
KLSE,La Crosse Muni, WI,United States of America
KLSV,las Vegas/Nellis AFB, NV,United States of America
KLSX,--,United States of America
KLTS,Altus AFB, OK,United States of America
KLUB,--,United States of America
KLUK,Cincinnati/Muni Lunken Field, OH,United States of America
KLVS,Las Vegas Municipal Airport – Las Vegas, NM,United States of America
KLWA,--,United States of America
KLWS,Lewiston-Nez Perce County Airport – Lewiston, ID,United States of America
KLWT,Lewlistown Muni, MT,United States of America
KLWX,--,United States of America
KLXV,Lake County Airport – Leadville, CO,United States of America
KLYH,Lynchburg/Regional Preston Glenn Field, VA,United States of America
KLZK,--,United States of America
KLZR,--,United States of America
KMAC,Macon Downtown Airport – Macon, GA,United States of America
KMAF,Midland/Intl, TX,United States of America
KMBG,Mobridge Municipal Airport – Mobridge, SD,United States of America
KMCB,Mc Comb-Pike County/John E Lewis Field, MS,United States of America
KMCI,Kansas City Intl, MO,United States of America
KMCK,McCook Municipal Airport – McCook, NE,United States of America
KMCN,Macon/Middle Georgia Rgnl, GA,United States of America
KMCO,Orlando Intl, FL,United States of America
KMCW,Mason City Municipal Airport – Mason City, IA,United States of America
KMDT,Harrisburg/Intl, PA,United States of America
KMDW,Chicago/Chicago Midway, IL,United States of America
KMEG,--,United States of America
KMEI,Meridian/Key Field, MS,United States of America
KMEM,Memphis Intl, Tenn,United States of America
KMER,Merced, Castle Arpt, CA,United States of America
KMFD,Mansfield/Lahm Muni, OH,United States of America
KMFE,Mcalle/Miller Intl, TX,United States of America
KMFL,--,United States of America
KMFR,Medford-Jackson County, OR,United States of America
KMGM,Montgomery/Dannelly Field, AL,United States of America
KMGW,Morgantown/Muni-Walter L Bill Hart Fld, WV,United States of America
KMHK,Manhattan/Muni, KS,United States of America
KMHR,Sacramento/Mather AFB, CA,United States of America
KMHS,Dunsmuir Municipal-Mott Airport - Mount Shasta, CA,United States of America
KMHX,--,United States of America
KMI1,--,United States of America
KMIA,Miami/Miami Intl., FL,United States of America
KMIV,Millville, NJ,United States of America
KMKC,Kansas City Downtown, MO,United States of America
KMKE,Milwaukee/General Mitchell Field, WI,United States of America
KMKG,Muskegon/County, MI,United States of America
KMKL,Jackson/MC Kellar-Sipes Rgnl, TN,United States of America
KMKX,--,United States of America
KMLB,Melbourne/Rgnl, FL,United States of America
KMLC,McAlester/Rgnl, OK,United States of America
KMLD,Malad City Airport – Malad City, ID,United States of America
KMLI,Moline/Quad-City, IL,United States of America
KMLS,Miles City/Frank Wiley Field MT,United States of America
KMLU,Monroe Rgnl, LA,United States of America
KMMO,--,United States of America
KMMW,--,United States of America
KMNW,--,United States of America
KMOB,Mobile Rgnl, AL,United States of America
KMOD,Modesto/City County-Harry Sham Field, CA,United States of America
KMOT,Minot/Intl, ND,United States of America
KMPV,Edward F. Knapp State Airport – Barre-Montpelier, VT,United States of America
KMPX,--,United States of America
KMQT,Marquette/County, MI,United States of America
KMRB,Martinsburg/Eastern Rgnl-Shepherd Field, WV,United States of America
KMRF,Marfa Municipal Airport - Marfa, TX,United States of America
KMRS,--,United States of America
KMRX,--,United States of America
KMRY,Monterey/Penninsula, CA,United States of America
KMSC,--,United States of America
KMSL,Muscle Shoals/Rgnl, MS,United States of America
KMSN,Madison/Dane County Rgnl Truax Field, WI,United States of America
KMSO,Missoula/Intl, MT,United States of America
KMSP,Minneapolis-St Paul Intl (Wold Chamberlain), MN,United States of America
KMSR,--,United States of America
KMSS,Massen/Intl Richards Field, NY,United States of America
KMSY,New Orleans/Intl., LA,United States of America
KMTH,Florida Keys Marathon Airport – Marathon, FL,United States of America
KMTN,Baltimore/Martin State, MD,United States of America
KMTR,--,United States of America
KMUL,--,United States of America
KMUO,Mountain Home AFB, ID,United States of America
KMWH,Grant County International Airport – Moses Lake, WA,United States of America
KMWI,--,United States of America
KMWN,--,United States of America
KMXF,Montgomery/Maxwell AFB, AL,United States of America
KMYH,--,United States of America
KMYL,McCall Airport – McCall, ID,United States of America
KMYR,Myrtle Beach Intl Arpt, SC,United States of America
KNBC,Beaufort Mcas/Merritt Field, SC,United States of America
KNBG,New Orleans/New Orleans NAS JRB /Alvin Callender Field); LA US,United States of America
KNBU,--,United States of America
KNCA,Jacksonville/New River Mcas (McCutcheon Field), NC,United States of America
KNCF,--,United States of America
KNCH,--,United States of America
KNEC,--,United States of America
KNEI,--,United States of America
KNEL,Lakehurst Naes/Maxfield Field, NJ,United States of America
KNES,Washington VAAC,United States of America
KNEW,New Orleans/New Orleans, LA,United States of America
KNFG,Oceanside/Camp pendelton Mcas, CA,United States of America
KNFL,Fallon Nas (Van Voorhis Field), NV,United States of America
KNFW,Naval Air Station Joint Reserve Base Fort Worth – Fort Worth, TX,United States of America
KNGB,--,United States of America
KNGP,Corpus Christi/Corpus Christi Nas (Truax Field), TX,United States of America
KNGU,Norfolk/Norfolk NS (Chambers Field), VA,United States of America
KNHC,Miami, FL (National Hurricane Center),United States of America
KNHK,Patuxent River Nas (Trapnell Field), MD US,United States of America
KNHO,--,United States of America
KNHX,--,United States of America
KNHZ,Brunswick/Brunswick Nas, ME,United States of America
KNID,Naval Air Weapons Station China Lake – Ridgecrest, CA,United States of America
KNIK,--,United States of America
KNIP,Naval Air Station Jacksonville – Jacksonville, FL,United States of America
KNIR,--,United States of America
KNJK,El Centro NAF, CA,United States of America
KNKA,--,United States of America
KNKT,Cherry Point Mcas/Cunningham Field, NC,United States of America
KNKX,San Diego/Miramar Mcas (Mitscher Field), CA US,United States of America
KNLC,Naval Air Station Lemoore – Lemoore, CA,United States of America
KNMA,Miami, Coast Guard, FL,United States of America
KNMC,--,United States of America
KNMF,Boston, Coast Guard, MA,United States of America
KNMH,Coast Guard Station, Washington, DC,United States of America
KNMM,Meridian Nas (mMcCain Field), MS,United States of America
KNMN,--,United States of America
KNMO,--,United States of America
KNMW,--,United States of America
KNOJ,--,United States of America
KNPA,Pensacola Nas (Forrest Sherman Field), FL,United States of America
KNQI,Kingsville/Kingsville Nas, TX,United States of America
KNQX,Key West/Key West Nas (Boca Chica Field), FL,United States of America
KNRB,Naval Station Mayport – Jacksonville, FL,United States of America
KNSB,--,United States of America
KNSE,--,United States of America
KNSI,Naval Outlying Field San Nicolas Island – San Nicolas Island, CA,United States of America
KNTA,--,United States of America
KNTC,--,United States of America
KNTD,Naval Air Station Point Mugu – Oxnard, CA,United States of America
KNTU,Virginia Beach/Oceana Nas-Apollo Soucek Field, VA,United States of America
KNUW,Naval Air Station Whidbey Island – Oak Harbor, WA,United States of America
KNWC,Monterey-FNWC,United States of America
KNXX,Willow Grove Nas Jrb, PA,United States of America
KNYC,--,United States of America
KNYG,Marine Corps Air Facility Quantico – Quantico, VA,United States of America
KNZC,--,United States of America
KNZW,--,United States of America
KNZY,San Diego/North Island Nas-Halsey Field, CA,United States of America
KOAK,Oakland International Airport – Oakland, CA,United States of America
KOAX,--,United States of America
KODX,Evelyn Sharp Field Airport – Ord, NE,United States of America
KOFF,Offutt Air Force Base – Omaha, NE,United States of America
KOFK,Stefan Memorial Airport – Norfolk, NE,United States of America
KOGB,Orangeburg Municipal Airport – Orangeburg, SC,United States of America
KOHX,--,United States of America
KOKC,Oklahoma City/Will Roger World, OK,United States of America
KOKX,--,United States of America
KOLM,Olympia, WA,United States of America
KOMA,Omaha/Eppley Air Field, NE,United States of America
KONT,Ontario/Intl., CA,United States of America
KORD,Chicago/O'hare, IL,United States of America
KORF,Norfolk/Intl, VA,United States of America
KORH,Worcester/Muni, MA,United States of America
KORN,--,United States of America
KOTH,North Bend Muni, OR,United States of America
KOTM,Ottumwa/Industrial, IA,United States of America
KOTX,--,United States of America
KOUN,University of Oklahoma Westheimer Airport – Norman, OK,United States of America
KOZR,Fort Rucker/Ozark-Cairns AAF, AL,United States of America
KP07,--,United States of America
KP28,--,United States of America
KP35,--,United States of America
KP38,--,United States of America
KP60,--,United States of America
KP69,--,United States of America
KP88,--,United States of America
KPAE,Everett/Snohomish County (Paine Field), WA,United States of America
KPAH,Paduca/Barkley Regional, KY,United States of America
KPAL,--,United States of America
KPAM,Tyndall AFB – Panama City, FL,United States of America
KPBF,Grider Field – Pine Bluff, AR,United States of America
KPBG,Plattsburg Intl Arpt, NY,United States of America
KPBI,West Palm Beach/Palm Beach, FL,United States of America
KPBP,--,United States of America
KPBX,Pike County Airport (Hatcher Field) – Pikeville, KY,United States of America
KPBZ,Pike County Airport (Hatcher Field) – Pikeville, KY,United States of America
KPDT,Eastern Oregon Regional Airport – Pendleton, OR,United States of America
KPDX,Portland/Intl., OR,United States of America
KPGA,Page Municipal Airport – Page, AZ,United States of America
KPHA,--,United States of America
KPHI,--,United States of America
KPHL,Philadelphia/Intl., PA,United States of America
KPHX,Phoenix Sky Harbor International, AZ,United States of America
KPIA,Peoria/Greater Preoria Regional, IL,United States of America
KPIB,Hattiesburg/Laurel, MS,United States of America
KPIH,Pocatello/Regional, ID,United States of America
KPIR,Pierre/Muni, SD,United States of America
KPIT,Pittsburgh/Greater Pittsburgh, PA,United States of America
KPKB,Parkeresburg/Wood County-Gil Robb Wilson Arpt, WV,United States of America
KPMD,Palmdale/Air Force Plant No. 42, CA,United States of America
KPML,--,United States of America
KPNC,Ponca City Regional Airport - Ponca City, OK,United States of America
KPNS,Pensacola/Regional, FL,United States of America
KPOE,Fort Polk AAF, LA,United States of America
KPOM,--,United States of America
KPOU,Poughkeepsie/Dutchess County, NY,United States of America
KPPG,--,United States of America
KPQR,--,United States of America
KPRB,Paso Robles/Muni, CA,United States of America
KPRC,Prescott/Ernest A, Love Field, AZ,United States of America
KPSB,Mid-State Airport – Philipsburg, PA,United States of America
KPSC,Tri-Cities Airport – Pasco, WA,United States of America
KPSM,Portsmouth/Pease Intl Tradeport, NH,United States of America
KPSP,Palm Springs/Regional, CA,United States of America
KPSR,--,United States of America
KPSX,--,United States of America
KPTR,--,United States of America
KPUB,Pueblo Memorial, CO,United States of America
KPUC,Carbon County Airport – Price, UT,United States of America
KPUM,--,United States of America
KPVD,Providence/Theodore Francis Greene State, RI,United States of America
KPWM,Portland/Intl., Jetport, ME,United States of America
KQNT,NAS Keflavik, Iceland,United States of America
KRAH,--,United States of America
KRAK,--,United States of America
KRAP,Rapid City/Regional, SD,United States of America
KRBL,Red Bluff/Muni, CA,United States of America
KRDD,Redding/Muni, CA,United States of America
KRDM,Redmond/Roberts Field, OR,United States of America
KRDU,Raleigh-Durham International, NC,United States of America
KREE,Janesville, Southern Wisconsin Rgnl, WI,United States of America
KREO,Rome State Airport – Rome, OR,United States of America
KREV,--,United States of America
KRFD,Rockford/Greater Rockford, IL,United States of America
KRHA,--,United States of America
KRHI,Rhinelander/Oneida County, WI,United States of America
KRIC,Richmond/Intl (Byrd Field), VA,United States of America
KRIV,Riverside/March AFB, Ca,United States of America
KRIW,Riverton Regional Airport – Riverton, WY,United States of America
KRKS,Rocksprings/Swetwater County, WY,United States of America
KRLA,Los Angeles (Pacific Regional Office Message Center, CA,United States of America
KRLX,--,United States of America
KRME,Rome, Grifiss Airfield Arpt, NY,United States of America
KRMG,Rome/Richard B Russell, GA,United States of America
KRNK,--,United States of America
KRNO,Reno/Tahoe Internaitonal, NV,United States of America
KROA,Roanoke/Regional Woodrum Field, VA,United States of America
KROC,Rochester/Greater Rochester Intl, NY,United States of America
KROW,Roswell/Industrial Air Center, NM,United States of America
KRSA,--,United States of America
KRSL,Russell Municipal Airport – Russell, KS,United States of America
KRST,Rochester/Muni, MN,United States of America
KRWA,Washington (FAA Washington Office Message Center), DC,United States of America
KRWF,--,United States of America
KRWL,Rawlins Municipal Airport – Rawlins, WY,United States of America
KRYY,Cobb County McCollum Field – Kennesaw, GA,United States of America
KSAC,Sacramento/Executive, CA,United States of America
KSAF,Santa Fe Municipal Airport – Santa Fe, NM,United States of America
KSAN,San Diego/Intl-Lindbergh Field, CA,United States of America
KSAT,San Antonio/Intl., TX,United States of America
KSAV,Savannah/Savannah Municipal, GA,United States of America
KSAW,Marquette, MI, Sawyer Intl Arpt,United States of America
KSBA,Santa Barbara/Muni, CA,United States of America
KSBD,San Bernardino, CA, San Bernardino Intl Arpt,United States of America
KSBN,South Bend/Michiana Rgnal, IN,United States of America
KSBP,San Lui Obispo/County Mc Chesney Field, CA,United States of America
KSBT,--,United States of America
KSBY,Salisbury/Wicomico County Regional, MD,United States of America
KSCK,Stockton Metropolitan, CA,United States of America
KSCR,Siler City Municipal Airport -[1] Siler City, NC,United States of America
KSCS,--,United States of America
KSDF,Louisville/Standiford, KY,United States of America
KSEA,Seattle/Seattle-Tacoma Intl., WA,United States of America
KSEP,Stephenville Clark Regional Airport – Stephenville, TX,United States of America
KSEW,--,United States of America
KSFC,--,United States of America
KSFM,Sanford Regional Airport – Sanford, ME,United States of America
KSFO,San Francisco/Intl., CA,United States of America
KSGF,Springfield/Regional, MO,United States of America
KSGX,--,United States of America
KSHR,Sheridan/County, WY,United States of America
KSHV,Shrevport/Regional, LA,United States of America
KSIL,--,United States of America
KSJC,San Jose Norman Y Mineta International, CA,United States of America
KSJT,San Angelo/MathiasField, TX,United States of America
KSJU,--,United States of America
KSKA,Spokane/Fairchild AFB, WA,United States of America
KSLC,Salt Lake City International, UT,United States of America
KSLE,Salem/McNary Field, OR,United States of America
KSLN,Salina/Muni, KS,United States of America
KSMP,--,United States of America
KSMX,Santa Maria/Publiv, CA,United States of America
KSNA,Santa Ana/John Wayne Arpt Orange County, CA,United States of America
KSNS,Salinas/Muni, CA,United States of America
KSNY,Sidney Municipal Airport – Sidney, NE,United States of America
KSPC,--,United States of America
KSPD,Springfield Municipal Airport – Springfield, CO,United States of America
KSPI,Springfield/Capital, IL,United States of America
KSPS,Wichita Falls/Sheppard AFB Falls,United States of America
KSRQ,Sarasota/Bradenton, FL,United States of America
KSSC,Sumter/Shaw AFB, SC,United States of America
KSSI,Brunswick/Malcom-McKinnon, MO,United States of America
KSSM,--,United States of America
KSTA,--,United States of America
KSTB,--,United States of America
KSTC,St. Cloud/Muni, MN,United States of America
KSTD,--,United States of America
KSTJ,St. Joseph/Rosecrans Memorial, MO,United States of America
KSTL,St. Louis/Lambert - St. Louis, MO,United States of America
KSTO,--,United States of America
KSTR,--,United States of America
KSTS,Sonoma County Airport – Santa Rosa, CA,United States of America
KSUN,Friedman Memorial Airport – Hailey, ID,United States of America
KSUU,Faifield/Travis FB, CA,United States of America
KSUX,Sioux City/Gateway, IA,United States of America
KSWF,Newburgh/Stewart Intl, NY,United States of America
KSXT,Grants Pass - Grants Pass, OR,United States of America
KSYR,Syracuse/Hancock Intl., NY,United States of America
KSZL,Knob Noster MO/Whiteman AFB,United States of America
KTAD,Perry Stokes Airport – Trinidad, CO,United States of America
KTAE,--,United States of America
KTAM,--,United States of America
KTAR,--,United States of America
KTBW,--,United States of America
KTCC,Tucumcari/Muni, NM,United States of America
KTCG,--,United States of America
KTCL,Tuscaloosa/Muni, AL,United States of America
KTCM,Tacoma/McChord AFB, WA,United States of America
KTCS,Truth or Consequences/Municipal, NM,United States of America
KTEB,Teterboro, NJ,United States of America
KTFX,--,United States of America
KTIR,--,United States of America
KTLH,Tallahassee Regional Airport – Tallahassee, FL,United States of America
KTOL,Toledo/Express, OH,United States of America
KTOP,Billard Municipal Airport – Topeka, KS,United States of America
KTPA,Tampa/Intl., FL,United States of America
KTPH,Tonopah Airport – Tonopah, NV,United States of America
KTRI,Bristol-Kingsport-Johnson City/Tri City Rgnl, TN,United States of America
KTRK,Truckee-Tahoe Airport – Truckee, CA,United States of America
KTRM,Desert Resorts Regional Airport – Palm Springs, CA,United States of America
KTSA,--,United States of America
KTTD,Troutdale Airport – Portland, OR,United States of America
KTTS,--,United States of America
KTUA,--,United States of America
KTUL,Tulsa/Intl, OK,United States of America
KTUP,Tupelo/Muni-C D Lemons, MS,United States of America
KTUR,--,United States of America
KTUS,Tucson Intl, AZ,United States of America
KTVC,Treverse City/Cherry Capital, MI,United States of America
KTVL,South Lake Tahoe/Lake Tahoe, CA,United States of America
KTWC,--,United States of America
KTWF,Twin Falls/Sun Valley Rgnl Joslin Fld, ID,United States of America
KTXK,Texakana/Rgnl-Webb Fld, TX,United States of America
KTYR,Tyler/Pounds Fld, TX,United States of America
KTYS,Knoxville/McGee Tyson, TN,United States of America
KU15,--,United States of America
KU28,--,United States of America
KUCA,Utica/Oneida County, NY,United States of America
KUCC,--,United States of America
KUIL,Quillayute Airport – Quillayute, WA,United States of America
KUIN,Quincy/Muni Baldwin Fld, IL,United States of America
KUKI,Ukiah/Muni, CA,United States of America
KUMN,--,United States of America
KUNR,--,United States of America
KUNV,University Park Airport – University Park, PA,United States of America
KVBG,Lompoc/Vandenburg AFB, CA,United States of America
KVCT,Victoria/Rgnl, TX,United States of America
KVCV,Southern California Logistics Airport – Victorville, CA,United States of America
KVEF,--,United States of America
KVHW,--,United States of America
KVLD,Valdost/Rgnl, GA,United States of America
KVNY,Van Nuys Airport – Van Nuys, CA,United States of America
KVPS,Valparaiso/Eglin AFB, FL,United States of America
KVRB,Vero Beach Muni, FL,United States of America
KVTN,Miller Field – Valentine, NE,United States of America
KVUY,--,United States of America
KWAL,Wallops I./Wallops Station, VA,United States of America
KWAN,--,United States of America
KWBC,Washington (National Meteorological COM Centre), DC,United States of America
KWBD,--,United States of America
KWBE,--,United States of America
KWBG,--,United States of America
KWBH,--,United States of America
KWBI,--,United States of America
KWBK,--,United States of America
KWBM,--,United States of America
KWBN,--,United States of America
KWBQ,--,United States of America
KWBW,Wilkes-Barre Wyoming Valley Airport – Wilkes-Barre, PA,United States of America
KWBZ,--,United States of America
KWCZ,--,United States of America
KWMB,--,United States of America
KWMC,Winnemucca Municipal Airport – Winnemucca, NV,United States of America
KWMI,--,United States of America
KWNA,--,United States of America
KWNB,--,United States of America
KWNC,--,United States of America
KWNH,--,United States of America
KWNJ,--,United States of America
KWNM,--,United States of America
KWNO,--,United States of America
KWNP,--,United States of America
KWNS,--,United States of America
KWOH,--,United States of America
KWRH,--,United States of America
KWRI,Wrightstown/McGuire AFB, NJ,United States of America
KWSD,White Sands/Condron AAF, NM,United States of America
KWUM,--,United States of America
KXMR,Cocoa Beach/Cape Canaveral AFS Skid Strip, FL.,United States of America
KXXX,--,United States of America
KYKM,Yakima/Air Terminal, WA,United States of America
KYNG,Yongstown/Muni, OH,United States of America
KYUM,Yuma/Yuma Mcas. Yuma Intl., AZ,United States of America
KZAB,Albuquerque (ATRTCC), NM,United States of America
KZAN,--,United States of America
KZAU,Chicago (ARTCC), IL,United States of America
KZBW,Boston (ARTCC), Nashua, NH,United States of America
KZDC,Washington (ARTCC), DC,United States of America
KZDV,Denver (ARTCC), CO,United States of America
KZFW,Fort Worth (ARTCC), TX,United States of America
KZHN,--,United States of America
KZHU,Houston (ARTCC), TX,United States of America
KZID,Indianapolis (ARTCC), IN,United States of America
KZJX,Jacksonville (ARTCC), FL,United States of America
KZKC,Kansas City (ARTCC), KS,United States of America
KZLA,Los Angeles (ARTCC), Palmdale, CA,United States of America
KZLC,Salt Lake City (ARTCC), UT,United States of America
KZMA,Miami (ARTCC), FL,United States of America
KZME,Memphis (ARTCC), TN,United States of America
KZMP,Minneapolis (ARTCC), Farmington, MN,United States of America
KZNY,New York (ARTCC), Ronkonkoma, NW,United States of America
KZOA,Oakland (ARTCC), Fremont, CA,United States of America
KZOB,Cleveland (ARTCC), Oberlin, OH,United States of America
KZSE,Seattle (ARTCC), Auburn, WA,United States of America
KZTL,Atlanta (ARTCC), Hampton, GA,United States of America
KZUN,--,United States of America
KZZV,Zanesville, OH,United States of America
LATI,Tirana,Albania
LBSF,Sofia,Bulgaria
LBSM,Met Com Centre Sofia,Bulgaria
LCLK,Larnaca,Cyprus
LCNC,Nicosia (Civil) (Airport, ACC, APP, TWR, MET, COM, NOF, DCA),Cyprus
LCRA,Akrotiri (RAF),Cyprus
LCRO,Episkopi (NEAF, RAF, OPS),Cyprus
LDDU,Dubrovnik-Cilipi,Croatia
LDLO,Losini,Croatia
LDOC,Cepin,Croatia
LDOS,Osijek/Klisa,Croatia
LDPL,Pula,Croatia
LDRI,Rijeka-Omisalj,Croatia
LDSL,Maritime Meteorological Centre,Croatia
LDSP,Split/Kastel Stafilic,Croatia
LDWR,Former MIKE (Fixed Ship Station/Station sur navire à position fixe),Operated by Norway
LDZA,Zagreb/Pleso (ATC Centre),Croatia
LDZD,Zadar/Zemunik,Croatia
LDZG,Zagreb (Met. and Hydrological Service),Croatia
LDZM,Zagreb,Croatia
LEBL,Barcelona,Spain
LEGE,Gerona/ Costa Brava,Spain
LEIB,Ibiza,Spain
LEMD,Madrid/Barajas,Spain
LEMG,Málaga,Spain
LEMM,Madrid (Centro de Communicaciones de Meteorología),Spain
LEPA,Palma de Mallorca,Spain
LERT,Rota,Spain
LETO,Madrid/Torrejón,Spain
LEVC,Valencia,Spain
LEZG,Zaragoza,Spain
LEZL,Sevilla,Spain
LFAT,Le Touquet/Paris-Plage,France
LFBA,Agen/La Garenne,France
LFBC,Cazaux,France
LFBD,Bordeaux/Mérignac,France
LFBF,Toulouse/Francazal,France
LFBG,Cognac/Château Bernard,France
LFBI,Poitiers/Biard,France
LFBM,Mont de Marsan,France
LFBT,Tarbes/Ossum-Lourdes (Lourdes),France
LFBY,Dax/Seyresse,France
LFBZ,Biarritz/Bayonne-Anglet,France
LFKC,Calvi/Sainte Catherine, Corse,France
LFKS,Solenzara, Corse,France
LFLA,Auxerre/Moneteau,France
LFLB,Chambéry/Aix-les-Bains,France
LFLC,Clermont-Ferrand/Aulnat,France
LFLD,Bourges,France
LFLL,Lyon/Satolas,France
LFLN,Saint-Yan,France
LFLQ,Montélimar/Ancône,France
LFLS,Grenoble/St. Geoirs,France
LFLV,Vichy/Charmeil,France
LFLX,Châteauroux/Déols,France
LFMG,La Montagne-Noire,France
LFMH,Saint Etienne/Bouthéon,France
LFMI,Istres/Le Tubé,France
LFMK,Carcassone/Salvaza,France
LFML,Marseille/Marignane,France
LFMN,Nice/Côte-d'Azur (Niza),France
LFMO,Orange/Caritat,France
LFMT,Montpellier/Fréjorgues,France
LFOA,Avord,France
LFOB,Beauvais/Tillé,France
LFOE,Evreux/Fauville,France
LFOF,Alençon/Valframbert,France
LFOI,Abbeville,France
LFOJ,Orléans/Bricy,France
LFOP,Rouen/Boos,France
LFOR,Chartres/Champhol,France
LFOT,Tours/Saint Symphorien,France
LFOW,Saint Quentin/Roupy,France
LFPB,Paris/Le bourget,France
LFPC,Creil,France
LFPG,Paris/Charles-de-Gaulle,France
LFPM,Melun/Villaroche,France
LFPN,Toussus-le-Noble,France
LFPO,Paris/Orly,France
LFPT,Pontoise/Cormeilles-en-Vexin,France
LFPV,Villacoublay/Vélizy,France
LFPW,Toulouse (Centre Régional de Télécommunications),France
LFPY,Brétigny-sur-Orge,France
LFQG,Nevers/Fourchambault,France
LFQI,Cambrai/Epinoy,France
LFQR,Romilly-sur-Seine,France
LFRA,Angers/Avrillé,France
LFRB,Brest/Guipavas,France
LFRC,Cherbourg/Maupertus,France
LFRG,Deauville/Saint Gatien,France
LFRH,Lorient/Lann-Bihoué,France
LFRJ,Landivisiau,France
LFRK,Caen/Carpiquet,France
LFRM,Le Mans/Arnage,France
LFRN,Rennes/Saint Jacques,France
LFRQ,Quimper/Pluguffan,France
LFRS,Nantes/Château Bougon,France
LFRZ,Saint Nazaire/Montoir,France
LFSB,Bâle/Mulhouse (France - Suisse),France
LFSC,Colmar/Meyenheim,France
LFSD,Dijon/Longvic,France
LFSF,Metz/Frescaty,France
LFSI,Saint-Dizier/Robinson,France
LFSL,Toul/Rosières,France
LFSN,Nancy/Essey,France
LFSO,Nancy/Ochey,France
LFSR,Reims/Champagne (Rheims),France
LFST,Strasbourg/Entzheim,France
LFSX,Luxeuil/Saint Sauveur,France
LFTH,Hyeres/Le Palyvestre,France
LFTW,Nîmes/Garons,France
LFVP,Saint-Pierre,St. Pierre and Miquelon
LFVW,French Argos Global Processing Centre, Toulouse,France
LFVX,--,France
LGAD,Andravida,Greece
LGAT,Athinai,Greece
LGIR,Iraklion/Nikos Kazantzakis,Greece
LGTS,Thessaloniki,Greece
LGWA,Athinai,Greece
LHBM,--,Hungary
LIBA,Amendola (Mil),Italy
LIBC,Crotone (Mil),Italy
LIBD,Bari,Italy
LIBG,Grottaglie (Mil),Italy
LIBK,Caraffadi Catanzaro,Italy
LIBN,Lecce (Mil),Italy
LIBP,Pescara,Italy
LIBQ,Monte Scuro,Italy
LIBR,Brindisi/Casale,Italy
LIBV,Gioia del Colle (Mil),Italy
LICA,Lamezia/Terme,Italy
LICC,Catania (Catane),Italy
LICD,Lampedusa,Italy
LICG,Pantelleria,Italy
LICJ,Palermo/Punta Raisi,Italy
LICP,Palermo Boccadifalco (Palerme),Italy
LICR,Reggio Calabria,Italy
LICT,Trapani/Birgi,Italy
LICZ,Sigonella (Mil),Italy
LIEA,Alghero,Italy
LIED,Decimomannu (Mil),Italy
LIEE,Cagliari,Italy
LIEG,Guardiavecchia,Italy
LIEO,Olbia/Costa Smeralda,Italy
LIER,Asinara,Italy
LIES,Monte Serpeddí,Italy
LIEV,Olbia/Venafiorita,Italy
LIIB,Roma (MET COM Centre),Italy
LIMC,Milano/Malpensa,Italy
LIME,Bergamo/Orio al Serio,Italy
LIMF,Torino/Caselle (Turin),Italy
LIMG,Albenga,Italy
LIMH,Pian Rosá,Italy
LIMI,Colle del Gigante,Italy
LIMJ,Genova (Gêne-Genoa),Italy
LIMK,Torino/Bric della Croce,Italy
LIML,Milano/Linate,Italy
LIMM,Milano (COM Centre, ACC, City),Italy
LIMN,Cameri (Mil),Italy
LIMO,Monte Bisbino,Italy
LIMP,Parma,Italy
LIMQ,Govone,Italy
LIMR,Novi Ligure,Italy
LIMS,Piacenza/San Damiano (Mil),Italy
LIMT,Passo della Cisa,Italy
LIMU,Capo Mele,Italy
LIMV,Passo dei Giovi,Italy
LIMX,Monte Fraiteve,Italy
LIMY,Monte Malanotte,Italy
LIPA,Aviano (Mil),Italy
LIPB,Bolzano,Italy
LIPC,Cervia (Mil),Italy
LIPD,Udine,Italy
LIPE,Bologna (Bologne - Bolonia),Italy
LIPH,Treviso/S. Angelo (Trévise),Italy
LIPI,Rivolto (Mil),Italy
LIPK,Forli,Italy
LIPL,Ghedi (Mil),Italy
LIPP,Padova (Padou - Padua) (ACC, COM Centre),Italy
LIPQ,Ronchi dei Legionari,Italy
LIPR,Rimini (Mil),Italy
LIPS,Treviso/Istrana (Trévise) (Mil),Italy
LIPT,Vicenza (Mil),Italy
LIPU,Padova,Italy
LIPV,Venezia/San Nicolo,Italy
LIPX,Villafranca (Mil),Italy
LIPY,Ancona/Falconara,Italy
LIPZ,Venezia/Tessera,Italy
LIQE,Ancona,Italy
LIQN,Rieti,Italy
LIQO,Monte Argentario,Italy
LIQW,Sarzana/Luni,Italy
LIRA,Roma/Ciampino,Italy
LIRE,Pratica di Mare (Mil),Italy
LIRF,Roma/Fiumicino,Italy
LIRG,Guidonia (Mil),Italy
LIRH,Frosinone (Mil),Italy
LIRJ,Marina di Campo,Italy
LIRK,Monte Terminillo,Italy
LIRL,Latina (Mil),Italy
LIRM,Grazzanise (Mil),Italy
LIRN,Napoli/Capodichino (Naples-Napoles),Italy
LIRP,Pisa (Pise) (Mil),Italy
LIRQ,Firenze (Florence-Florencia),Italy
LIRS,Grosseto (Mil),Italy
LIRT,Trevico,Italy
LIRU,Roma/Urbe,Italy
LIRV,Viterbo (Mil),Italy
LIRZ,Perugia,Italy
LIVB,Passo del Brennero,Italy
LIVC,Monte Cimone,Italy
LIVD,Dobbiaco,Italy
LIVE,San Valentino alla Muta,Italy
LIVF,Frontone,Italy
LIVM,Marina di Ravenna,Italy
LIVO,Tarvisio,Italy
LIVP,Paganella,Italy
LIVR,Passo Rolle,Italy
LIVT,Trieste,Italy
LIVV,Monte Venda,Italy
LIWX,--,United States of America
LJCE,Cerklje,Slovenia
LJLJ,Ljubljana Brnik,Slovenia
LJLM,Ljubljana,Slovenia
LJMB,Maribor Aerodrome,Slovenia
LJPZ,Portoroz Aerodrome,Slovenia
LKCS,Ceske Budejovice,Czech Republic
LKCV,Caslav,Czech Republic
LKHO,Holesov,Czech Republic
LKKB,Kbely,Czech Republic
LKKV,Karlovy Vary,Czech Republic
LKLB,Liberec,Czech Republic
LKLN,Plzen/Line (MIL/CIV),Czech Republic
LKMR,Mariánské Lázne,Czech Republic
LKMT,Ostrava,Czech Republic
LKMW,MWO PRAHA (MIL),Czech Republic
LKNA,Namest,Czech Republic
LKPO,Prerov,Czech Republic
LKPR,Praha/Ruzyne,Czech Republic
LKPW,MWO Praha,Czech Republic
LKTB,Brno,Czech Republic
LLBD,Bet Dagan (MET Service),Israel
LLBG,Tel-Aviv/Ben Gurion Airport,Israel
LMML,Malta/Luqa,Malta
LMMM,Malta (ACC),Malta
LOAG,Krems-Lagenlois,Austria
LOAN,Wr. Neustadt/Ost,Austria
LOAT,Trausdorf,Austria
LOAV,Vöslau,Austria
LOGG,Punitz/Güssing,Austria
LOGK,Kapfenberg,Austria
LOIH,Hohenems/Dornbirn,Austria
LOIJ,St. Johann/Tirol,Austria
LOIR,Reutte/Höfen,Austria
LOLF,Freistadt-Flugfeld,Austria
LOLW,Wels,Austria
LOWG,Graz,Austria
LOWI,Innsbruck,Austria
LOWK,Klagenfurt,Austria
LOWL,Linz,Austria
LOWM,Wien (MET COM Centre),Austria
LOWS,Salzburg,Austria
LOWW,Wien/Schwechat,Austria
LOWZ,Zell/See,Austria
LOXA,Aigen/Ennstal (Mil),Austria
LOXN,Wiener Neustadt (Mil),Austria
LOXS,Schwaz (Tirol) (Mil HEL),Austria
LOXT,Langenlebarn (Mil),Austria
LOXZ,Zeltweg (Mil),Austria
LOYI,--,Austria
LOYZ,--,Austria
LPAZ,Santa Maria, Ilha de Santa Maria,Azores (Portugal)
LPFR,Faro,Portugal
LPFU,Funchal, Ilha da Madeira,Madeira (Portugal)
LPLA,Lajes, Ilha Terceira,Azores (Portugal)
LPMG,Lisboa (MET COM Centre),Portugal
LPPD,Ponta Delgada, Ilha de S. Miguel,Azores (Portugal)
LPPR,Porto (Oporto),Portugal
LPPS,Porto Santo, Ilha de Porto Santo,Madeira (Portugal)
LPPT,Lisboa, (Lisbon-Lisbonne),Portugal
LQSA,Sarajevo (ATC/AIS/MET/UNPROFOR),Bosnia and Herzegovina
LQSM,Sarajevo (NMC),Bosnia and Herzegovina
LRAR,Arad,Romania
LRBS,Bucaresti/Bàneasa (Bucarest-Bucharest),Romania
LRCK,Constanta/M. Kogàlniceanu,Romania
LRCL,Cluj/Someseni,Romania
LROP,Bucuresti/Otopeni,Romania
LRSB,Sibiu/Turnisor,Romania
LSGG,Genève/Cointrin (Geneva-Genf-Ginebra),Switzerland
LSSS,Zurich (COM Centre),Switzerland
LSSW,Zurich (MET COM Centre),Switzerland
LSZH,Zurich,Switzerland
LTAA,Ankara (Sehir-City),Turkey
LTAC,Ankara/Esenboga,Turkey
LTAD,Ankara/Etimesgut (Mil),Turkey
LTAE,Ankara/Mürted (Mil),Turkey
LTAF,Adana,Turkey
LTAG,Adana/Incirlik (Mil),Turkey
LTAI,Antalya,Turkey
LTAN,Konya (Mil),Turkey
LTAP,Merzifon (Mil),Turkey
LTAQ,Samsun,Turkey
LTAT,Malatya/Erhac (Mil),Turkey
LTAU,Kayseri/Erikilet (Mil),Turkey
LTBA,Istanbul/Yesilköy,Turkey
LTBE,Bursa,Turkey
LTBF,Balikesir (Mil),Turkey
LTBG,Bandirma (Mil),Turkey
LTBI,Eskisehir (Mil),Turkey
LTBJ,Izmir Adran Menderes,Turkey
LTBL,Izmir/Çigli (Civil/Mil),Turkey
LTCA,Elazig,Turkey
LTCC,Diyarbakir (Civil/Mil),Turkey
LTCE,Erzurum,Turkey
LTCG,Trabzon,Turkey
LUKK,Chisinau,Republic of Moldova
LWMO,WMO/OMM Secretariat,Switzerland
LXGB,Gibraltar/North Front,Gibraltar
LYBE,Beograd/Nikola Tesla,Serbia
LYBM,Beograd,Serbia
LYPG,Podgorica,Montenegro
LYTI,Titograd,Serbia and Montenegro
LYTV,Tivat,Serbia and Montenegro
LZIB,Bratislava,Slovakia
LZKZ,Kosice,Slovakia
LZMC,Malacky (Mil),Slovakia
LZPP,Pieštany,Slovakia
LZPW,Presov,Slovakia
LZSL,Sliac,Slovakia
LZSO,Sofia,Bulgaria
LZTN,Trencin,Slovakia
LZTT,Poprad,Slovakia
MBGT,Jags McCartney International,Turks and Caicos Islands
MBPV,Providenciales International,Turks and Caicos Islands
MDHE,--,Dominican Republic
MDJB,Higuero/Intl Dr Joaquin Balaguer,Dominican Republic
MDPC,Punta Cana Intl,Dominican Republic
MDSD,Santo Domingo/De las Américas,Dominican Republic
MGAC,--,Guatemala
MGAD,--,Guatemala
MGGA,--,Guatemala
MGGT,Guatemala/La Aurora,Guatemala
MGSJ,Puerto de San Jose,Guatemala
MHAM,Amapala,Honduras
MHCA,Catacamas,Honduras
MHCH,Choluteca,Honduras
MHGT,--,Honduras
MHLC,La Ceiba/Goloson Intl,Honduras
MHLE,La Esperanza,Honduras
MHLM,San Pedro Sula/Ramon V Morales Intl,Honduras
MHNO,--,Honduras
MHPL,Puerto Lempira,Honduras
MHRO,Roatan/Juan Manuel Galvez Intl,Honduras
MHSP,San Pedro Sula,Honduras
MHSR,Santa Rosa de Copan,Honduras
MHTE,Tela,Honduras
MHTG,Tegucigalpa/Toncontín,Honduras
MHTR,--,Honduras
MHYR,Yoro,Honduras
MJSK,Skopje,The former Yugoslav Republic of Macedonia
MKJK,Kingston (City, ACC, FIR),Honduras
MKJM,Montego Bay (City),Jamaica
MKJP,Kingston/Norman Manley Intl.,Jamaica
MKJS,Montego Bay/Sangster Intl.,Jamaica
MKKJ,Port Antonio/Ken Jones,Jamaica
MKKP,--,Jamaica
MKKS,--,Jamaica
MKPS,--,Jamaica
MMAS,Aguascalientes,Mexico
MMCS,Cd. Juarez,Mexico
MMCU,Chihuahua,Mexico
MMCV,Cd. Victoria,Mexico
MMCZ,Cozumel,Mexico
MMEI,--,Mexico
MMEP,Tepic,Mexico
MMEX,Acc Mexico,Mexico
MMGL,Guadalajara,Mexico
MMHT,--,Mexico
MMID,Acc Merida,Mexico
MMIO,Saltillo,Mexico
MMLO,Leon,Mexico
MMLT,Loreto,Mexico
MMMA,Matamoros,Mexico
MMMD,Merida,Mexico
MMME,--,Mexico
MMMI,--,Mexico
MMMM,Morelia,Mexico
MMMV,Monclova,Mexico
MMMX,Mexico,Mexico
MMMY,Monterrey,Mexico
MMMZ,Mazatlan,Mexico
MMPN,Uruapan,Mexico
MMPR,Puerto Vallarta,Mexico
MMSP,San Luis Potosi,Mexico
MMTM,Tampico,Mexico
MMTO,Toluca,Mexico
MMTY,Acc Monterrey,Mexico
MMZC,Zacatecas,Mexico
MMZT,Acc Mazatlan,Mexico
MNMG,Managua/Las Mercedes,Nicaragua
MNUB,Ulaanbaatar,Mongolia
MPCH,Changuinola,Panama
MPCZ,Corozal Oeste,Panama
MPDA,David/Enrique A. Malek,Panama
MPFS,Fort Sherman AB,Panama
MPHO,Howard AFB,Panama
MPLP,La Palma,Panama
MPMG,Panama/Paitilla Marco A. Gelabert,Panama
MPTO,Panamá/Tocumén,Panama
MROC,San José/Juan Santamaría Intl.,Costa Rica
MRSJ,San José (City),Costa Rica
MSLP,Cuscatlán,El Salvador
MSSI,--,El Salvador
MSSS,San Salvador/Ilopango Intl.,El Salvador
MTCH,Cap Haitien/Intl,Haiti
MTPP,Port-au-Prince,Haiti
MTTP,--,Haiti
MUCC,Cayo Coco/Jardines del Rey,Cuba
MUCF,Cienfuegos/Jamie Gonzalez,Cuba
MUCM,Camagüey,Cuba
MUGM,Guantánamo (US-Naval Air Base),Cuba
MUHA,Habana/José Martí (Havana-La Habana- La Havane),Cuba
MUHS,--,Cuba
MUHV,--,Cuba
MUHW,--,Cuba
MUPN,Pina,Cuba
MUST,--,Cuba
MUVR,Varadero,Cuba
MWCB,Charles Kirkconnell International Airport,Cayman Islands
MWCG,Grand Cayman, Cayman Is.,Cayman Islands
MWCR,Owen Roberts Intl/Grand Cayman,Cayman Islands
MYBE,--,Bahamas and Turks and Caicos Islands
MYEF,Exuma International,Bahamas and Turks and Caicos Islands
MYGF,Freeport/Intl., Grand Bahama I.,Bahamas and Turks and Caicos Islands
MYNN,Nassau/Intl., New Providence I.,Bahamas and Turks and Caicos Islands
MZBZ,Belize/Intl.,Belize
MZXB,--,Belize
NCAI,Aitutaki,Cook Islands
NCPY,Penrhyn/Tongareva,Cook Islands
NCRG,Rarotonga,Cook Islands
NFFN,Nadi Intl.,Fiji
NFNA,Nausori/Intl.,Fiji
NFTF,Tonga,Tonga
NGFU,Funafuti, Tuvalu,Tuvalu
NGTA,Tarawa/Bonriki, Kiribati,Kiribati
NGTE,Tabiteuea (North), Kiribati,Kiribati
NGTT,Tarawa/Betio, Kiribati,Kiribati
NIUE,Alofi/Niue Intl.,Niue
NLWW,Wallis Hihifo,New Caledonia
NSAP,Apia,Samoa
NSFA,Faleolo/Intl,Samoa
NSTU,Pago Pago Intl., Tutuila Island,Samoa (American)
NTAA,Tahiti/Faaa, Archipel de la Société,French Polynesia
NTAT,Tubuai/Mataura,French Polynesia
NTCD,--,French Polynesia
NTGT,Takapoto,French Polynesia
NTKR,Takaroa,French Polynesia
NTTB,Bora-Bora-Motu-Mute,French Polynesia
NVSS,Santo/Pekoa,Vanuatu
NVVK,Lenakel/Burtonfield,Vanuatu
NVVV,Port Vila/Bauerfield, Efate I.,Vanuatu
NWBB,Nouméa (MET) (Ville),New Caledonia
NWCC,Nouméa la Tontouta Met.,New Caledonia
NWWW,Nouméa/La Tontouta,New Caledonia
NZAK,Auckland (City),New Zealand
NZCM,McMurdo Sound, Antarctica,Operated by the USA
NZKL,Wellington/Kelburn,New Zealand
NZSP,Amundsen-Scott South Pole Station,Operated by the USA
OAKB,Kabul,Afghanistan, Islamic State of
OBBI,Bahrain Intl.,Bahrain
OEAB,Abha,Saudi Arabia
OEAH,Al-Ahsa,Saudi Arabia
OEBA,El-Baha,Saudi Arabia
OEBH,Bisha,Saudi Arabia
OEDR,Dhahran Intl.,Saudi Arabia
OEDW,Dawadmi,Saudi Arabia
OEGN,Gizan,Saudi Arabia
OEGS,Gassim,Saudi Arabia
OEGT,Guriat,Saudi Arabia
OEHL,Hail,Saudi Arabia
OEHS,Al-Hasa,Saudi Arabia
OEJD,Jeddah (MET COM Centre),Saudi Arabia
OEJN,Jeddah/King Abdul Aziz Intl.,Saudi Arabia
OEKM,Khamis Mushait,Saudi Arabia
OEMA,Madinah,Saudi Arabia
OEMH,Muwiah,Saudi Arabia
OEMK,Makka,Saudi Arabia
OENG,Nejran,Saudi Arabia
OEOB,Obaylah,Saudi Arabia
OEPA,Hafr-Al-Batin,Saudi Arabia
OERF,Rafha,Saudi Arabia
OERK,Riyadh/King Khalid Intl.,Saudi Arabia
OERR,Arar,Saudi Arabia
OERY,Riyadh Intl.,Saudi Arabia
OESH,Sharura,Saudi Arabia
OESK,Al-Jouf,Saudi Arabia
OESL,Sulayel,Saudi Arabia
OESW,Shawala,Saudi Arabia
OETB,Tabuk,Saudi Arabia
OETF,Taif,Saudi Arabia
OETR,Turaif,Saudi Arabia
OEWJ,Wejh,Saudi Arabia
OEYN,Yenbo,Saudi Arabia
OIAA,Abadan/Intl.,Iran, Islamic Republic of
OIAD,Dezful,Iran, Islamic Republic of
OIAH,Gach-Saran Du-Gunbadan,Iran, Islamic Republic of
OIAJ,Omidieh,Iran, Islamic Republic of
OIAS,Safi-Abad,Iran, Islamic Republic of
OIBB,Bushehr,Iran, Islamic Republic of
OIBK,Kish Island,Iran, Islamic Republic of
OIFF,Esfahan AD (Isfahan),Iran, Islamic Republic of
OIFS,Shahre-Kord,Iran, Islamic Republic of
OIGG,Rasht,Iran, Islamic Republic of
OIHH,Hamedan,Iran, Islamic Republic of
OIHS,Nowjeh,Iran, Islamic Republic of
OIII,Tehran/Mehrabad Intl.,Iran, Islamic Republic of
OIKB,Bandar Abbass,Iran, Islamic Republic of
OIMC,Sarakhs,Iran, Islamic Republic of
OIZE,Chahbahar,Iran, Islamic Republic of
OIZH,Zahedan,Iran, Islamic Republic of
OJAM,Amman (Civil),Jordan
OKAM,Kuwait MET,Kuwait
OKBK,Kuwait COM,Kuwait
OKOH,--,Czech Republic
OKPR,Praha/Komorany,Czech Republic
OLBA,Beirut/Beirut Intl.,Lebanon
OMAA,Abu-Dhabi Intl.,United Arab Emirates
OMAD,Abu-Dhabi/Bateen,United Arab Emirates
OMAL,Al Ain,United Arab Emirates
OMDB,Dubai,United Arab Emirates
OMRK,Ras Al Khaimah Intl.,United Arab Emirates
OMSJ,Sharjah Intl.,United Arab Emirates
OOBR,Buraimi,Oman
OOKB,Khasab,Oman
OOMA,Masirah,Oman
OOMS,Muscat/Seeb Intl.,Oman
OOSA,Salalah,Oman
OOSH,Sohar,Oman
OOSQ,Saiq,Oman
OOSR,Sur,Oman
OOTH,Thumrait,Oman
OPKC,Karachi/Karachi Civil,Pakistan
OPSR,Sargodha (PAF),Pakistan
ORBB,Sirsenk/Bamarni,Iraq
ORBS,Baghdad/Sadam Intl.,Iraq
ORBW,Baghdad/Muthenna,Iraq
OSDI,Damascus/Intl.,Syrian Arab Republic
OSDS,Damas/Mezze,Syrian Arab Republic
OTBD,Doha Intl.,Qatar
OYAA,Aden Intl.,Yemen
OYHD,Hodeidah,Yemen
OYKM,Kamaran (As Salif),Yemen
OYMA,Al Mukha,Yemen
OYMB,Marib,Yemen
OYMC,Mokha,Yemen
OYSN,Sana'a Intl.,Yemen
OYTZ,Taiz/Ganad,Yemen
PAAQ,Palmer, AK,Alaska (U.S.A.)
PABE,Bethel,Alaska (U.S.A.)
PABR,Barrow, AK,Alaska (U.S.A.)
PABW,--,Alaska (U.S.A.)
PACD,Cold Bay,Alaska (U.S.A.)
PACR,Circle,Alaska (U.S.A.)
PADN,--,Alaska (U.S.A.)
PADQ,Kodiak,Alaska (U.S.A.)
PADU,UNALASKA,Alaska (U.S.A.)
PAER,--,Alaska (U.S.A.)
PAFA,Fairbanks International,Alaska (U.S.A.)
PAFB,Fairbanks/Wainwright AAF, AK,Alaska (U.S.A.)
PAFC,--,Alaska (U.S.A.)
PAFG,--,Alaska (U.S.A.)
PAHO,Homer,Alaska (U.S.A.)
PAJK,--,Alaska (U.S.A.)
PAJN,Juneau International,Alaska (U.S.A.)
PAKN,King Salmon,Alaska (U.S.A.)
PALU,Cape Lisburne LRRS,Alaska (U.S.A.)
PAMC,McGrath,Alaska (U.S.A.)
PANC,Anchorage Intl., AK,Alaska (U.S.A.)
PANT,Annette Island,Alaska (U.S.A.)
PAOM,Nome,Alaska (U.S.A.)
PAOT,Kotzebue/Ralph Wien Memorial,Alaska (U.S.A.)
PARH,--,Alaska (U.S.A.)
PASN,St. Paul Island,Alaska (U.S.A.)
PASY,Shemya AFB, AK,Alaska (U.S.A.)
PATO,--,Alaska (U.S.A.)
PAUA,--,Alaska (U.S.A.)
PAUN,Unalakleet,Alaska (U.S.A.)
PAVD,Valdez,Alaska (U.S.A.)
PAVQ,--,Alaska (U.S.A.)
PAVW,--,Alaska (U.S.A.)
PAWC,--,Alaska (U.S.A.)
PAWU,Anchorage VAAC,Alaska (U.S.A.)
PAYA,Yakutat,Alaska (U.S.A.)
PCIS,Canton Is.,Phoenix Islands
PGAC,Guam/Taguac,Guam
PGFW,Guam (Fleet Weather Central),Guam
PGRO,Rota/Intl, Rota I.,Northern Mariana islands
PGSN,Francisco C. Ada/Saipan International, Obyan,Northern Mariana islands
PGTW,Guam (Joint Typhoon Warning Center),Guam
PGUA,Guam/Andersen AFB,Guam
PGUM,Guam/Agana NAS,Guam
PGWT,West Tinian, Tinian Island,Northern Mariana islands
PHBK,Banking Sands, Kauai, HI,Hawaii (U.S.A.)
PHEB,Honolulu/Ewa Beach, HI (Pacific Tsunami Warning Center),Hawaii (U.S.A.)
PHFO,--,Hawaii (U.S.A.)
PHIK,Honolulu/Hickam AFB, Oahu I., HI,Hawaii (U.S.A.)
PHLI,Lihue, Kauai, HI,Hawaii (U.S.A.)
PHNL,Honolulu/Honolulu Intl.,Oahu, HI,Hawaii (U.S.A.)
PHNY,Lanai City, Lanai, HI,Hawaii (U.S.A.)
PHTO,Hilo/General Lyman Field, HI,Hawaii (U.S.A.)
PJON,Johnston Island/Johnston AFB,Johnston Island
PKMJ,Majuro,Marshall Islands
PKWA,Kwajalein,Marshall Islands
PPRH,--,Alaska (U.S.A.)
PTKK,Truk,Micronesia, Federated States of
PTPN,Ponape I.,Micronesia, Federated States of
PTRO,Koror,Micronesia, Federated States of
PTYA,Yap,Micronesia, Federated States of
PWAK,Wake,Wake Island
RCTP,Taibei City/Taibei Intl. AP,China
RJAA,Tokyo/New Tokyo Intl., Honshu I.,Japan
RJBB,Kansai Intl.,Japan
RJBD,Nanki-Shirahama,Japan
RJBH,Hiroshimanishi,Japan
RJBT,Tajima,Japan
RJCB,Obihiro,Japan
RJCC,Sapporo/Chitose Hokkaido I.,Japan
RJCH,Hakodate,Japan
RJCK,Kushiro,Japan
RJCM,Memanbetsu,Japan
RJCN,Nakashibetsu,Japan
RJCW,Wakkanai,Japan
RJDB,Iki,Japan
RJDC,Yamaguchi-Ube,Japan
RJDT,Tsushima,Japan
RJEB,Monbetsu,Japan
RJEC,Asahikawa,Japan
RJFF,Fukuoka, Kyushu I.,Japan
RJFG,Tanegashima,Japan
RJFK,Kagoshima, Kyushu I.,Japan
RJFM,Miyazaki,Japan
RJFO,Oita,Japan
RJFR,Kitakyushu,Japan
RJFS,Saga,Japan
RJFT,Kumamoto,Japan
RJFU,Nagasaki,Japan
RJKA,Amami,Japan
RJKB,Okierabu,Japan
RJKN,Tokunoshima Is.,Japan
RJNF,Fukui,Japan
RJNK,Komatsu Civil,Japan
RJNN,Nagoya, Honshu I.,Japan
RJNT,Toyama,Japan
RJOA,Hiroshima,Japan
RJOB,Okayama,Japan
RJOC,Izumo,Japan
RJOI,Iwakuni, Honshu I.,Japan
RJOK,Kochi,Japan
RJOM,Matsuyama,Japan
RJOO,Osaka/Osaka Intl., Honshu I.,Japan
RJOR,Tottori,Japan
RJOT,Takamatsu,Japan
RJOW,Iwami,Japan
RJOY,Osaka/Yao,Japan
RJSA,Aomori,Japan
RJSC,Yamagata,Japan
RJSF,Fukushima,Japan
RJSI,Hanamaki,Japan
RJSK,Akita,Japan
RJSM,Misawa, Honshu I.,Japan
RJSN,Niigata, Honshu I.,Japan
RJSR,Odate-Noshiro,Japan
RJSS,Sendai,Japan
RJSY,Shonai,Japan
RJTA,Atsugi, Honshu I.,Japan
RJTD,Tokyo, Honshu I.,Japan
RJTF,Chofu,Japan
RJTH,Hachijojima,Japan
RJTI,Tokyo Heliport,Japan
RJTO,Oshima,Japan
RJTQ,Miyakejima,Japan
RJTT,Tokyo/Tokyo Intl., Honshu I.,Japan
RJTY,Yokota, Honshu I.,Japan
RJTZ,Fuchu,Japan
RKJJ,Kwangju,Republic of Korea
RKJK,Kunsan,Republic of Korea
RKNH,Hoengsung,Republic of Korea
RKNN,Kangnung,Republic of Korea
RKNS,Hakpo,Republic of Korea
RKPC,Cheju/Intl.,Republic of Korea
RKPK,Kimhae/Intl.,Republic of Korea
RKPM,Moseulpo,Republic of Korea
RKPP,Pusan,Republic of Korea
RKPS,Sachon,Republic of Korea
RKSK,Susaek,Republic of Korea
RKSL,Seoul (City),Republic of Korea
RKSO,Osan,Republic of Korea
RKSS,Seoul/Kimpo Intl.,Republic of Korea
RKSW,Suwon,Republic of Korea
RKSY,Seoul/Yungsan,Republic of Korea
RKTD,Taejon,Republic of Korea
RKTN,Taegu/Tongchon,Republic of Korea
ROAH,Naha,Ryukyu Islands
RODN,Okinawa/Kadena AB,Ryukyu Islands
RPMK,Clark AB. Pampanga,Philippines
RPMM,Manila/Intl.,Philippines
RPMS,Sangley Point NS, Cavite,Philippines
RPMT,Lapu-Lapu/Mactan Intl.,Philippines
RUAA,Arkhangelsk,Russian Federation
RUAM,Amderma,Russian Federation
RUCH,Chita,Russian Federation
RUDS,Dickson,Russian Federation
RUEK,Ekaterinburg,Russian Federation
RUHB,Khabarovsk,Russian Federation
RUIR,Irkutsk,Russian Federation
RUKR,Krasnoyarsk,Russian Federation
RUKU,Kursk,Russian Federation
RUMG,Magadan,Russian Federation
RUML,Molodeznaja,Operated by the Russian Federation
RUMS,Moscow,Russian Federation
RUMU,Murmansk,Russian Federation
RUNN,Nizhny Novgorod,Russian Federation
RUNW,Novosibirsk,Russian Federation
RUOM,Omsk,Russian Federation
RUPK,Petropavlovsk-Kamchatski,Russian Federation
RUPV,Pevek,Russian Federation
RURD,Rostov-on-Don,Russian Federation
RUSH,Yuzhno-Sakhalinsk,Russian Federation
RUSM,Samara,Russian Federation
RUSP,St. Petersburg,Russian Federation
RUTS,Tiksi,Russian Federation
RUUF,Ufa,Russian Federation
RUVV,Vladivostok,Russian Federation
RUYK,Yakutsk,Russian Federation
SABM,Buenos Aires (Centro Regional Met.),Argentina
SAWB,Base Mariambo Ant.,Argentina
SBAF,Rio de Janeiro/Afonsos, RJ,Brazil
SBAM,Amapa/Amapa, AP,Brazil
SBBH,Belo Horizonte/Pampulha, MG,Brazil
SBBR,Brasilia/Intl., DF,Brazil
SBCP,Campos/Bartolomeu Lisandro, RJ,Brazil
SBCY,Cuiaba/Ma. Rondon, Mt,Brazil
SBES,Sao Pedro da Aldeia, RJ,Brazil
SBGO,Goiania/Santa Genoveva, GO,Brazil
SBJR,Rio de Janeiro/Jacarepagua, RJ,Brazil
SBME,Macae, RJ,Brazil
SBMN,Manaus/Ponta Pelada, AM,Brazil
SBPA,Porto Alegre/Salgado Filho, RS,Brazil
SBRF,Recife/Guararapes,PE,Brazil
SBRJ,Rio de Janeiro/Santos Dumont, RJ,Brazil
SBSC,Rio de Janeiro/Santa Cruz, RJ,Brazil
SBSP,Sao Paulo/Congonhas, SP,Brazil
SBUR,Uberaba, MG,Brazil
SBVT,Vitoria/Goiabeira, ES,Brazil
SCEF,Base Pte. Eduardo Frei Montalva (Centro MET Antártico),Operated by Chile
SCER,Quintero,Chile
SCFA,Antofagasta/Cerro Moreno,Chile
SCMO,Puerto Montt/La Chamiza,Chile
SCSC,Santiago (Capital),Chile
SEGU,Guayaquil,Ecuador
SEQU,Quito,Ecuador
SGAS,Asunción,Paraguay
SHVA,Valpaiso/Hel Mil Capitania de Puerto,Chile
SKBG,Bucaramanga/Santander,Colombia
SKBO,Bogota/Eldorado,Colombia
SKBQ,Barranquilla,Colombia
SKCG,Cartagena/Bolivar,Colombia
SKCL,Cali,Colombia
SKLT,Leticia/Amazonas,Colombia
SKMD,Medellín,Colombia
SKRG,Rionegro/Antioquia,Colombia
SKSP,San Andrés I.,Colombia
SLLP,La Paz/Kennedy Intl.,Bolivia
SMZY,Paramaribo/Zanderij,Suriname
SOCA,Cayenne/Rochambeau (Cayenne),French Guiana
SOWR,Warszawa,Poland
SPIM,Lima/Callao Jorge Chávez,Peru
SPLI,Lima,Peru
STAF,Vernadsky,Operated by Ukraine
STFK,Falkland Is.,Falkland Islands (Malvinas) and Dependencies
SUMU,Montevideo (Centro Meteorológico Nacional),Uruguay
SVAC,Acarigua,Venezuela
SVBC,Barcelona,Venezuela
SVBM,Barquisimeto,Venezuela
SVBS,B.A. Mariscal Sucre - Maracay,Venezuela
SVCB,Ciudad Bolivar,Venezuela
SVCR,Coro,Venezuela
SVCU,Cumana,Venezuela
SVCZ,Carrizal B.A.,Venezuela
SVFM,B.A. Francisco Miranda - Caracas,Venezuela
SVGD,Guasdualito,Venezuela
SVGI,Guiriä,Venezuela
SVGU,Guanare,Venezuela
SVLO,La Orchila B.N.,Venezuela
SVLS,Las Piedras,Venezuela
SVMC,Maracaibo - La Chinita,Venezuela
SVMD,Mérida,Venezuela
SVMG,Porlamar, Intl. del Caribe,Venezuela
SVMI,Caracas-Maiquetía, Intl. Simon Bolivar,Venezuela
SVMN,Mene Grande,Venezuela
SVMR,B.A. Mariscal Sucre - Maracay,Venezuela
SVMT,Maturin,Venezuela
SVPA,Puerto Ayacucho,Venezuela
SVPC,Puerto Cabello,Venezuela
SVSA,San Antonio, Tachira,Venezuela
SVSE,Santa Elena de Uairen,Venezuela
SVSJ,San Juan de los Morros,Venezuela
SVSO,Santo Domingo, B.A.,Venezuela
SVSR,San Fernando de Apure,Venezuela
SVTM,Tumeremo,Venezuela
SVTR,Temblador,Venezuela
SVVL,Valera,Venezuela
SXHI,--,Slovakia
SYCJ,Timehri/Cheddi Jagan International,Guyana
TAPA,St. Johns/Coolidge, Antigua I.,Antigua and Barbuda
TAPW,--,Antigua and Barbuda
TBAC,--,Barbados
TBPB,Bridgetown/Grantley Adams Intl.,Barbados
TBPO,Bridgetown,Barbados
TDFF,--,Dominica
TDPD,Melville Hall,Dominica
TFFD,Fort de France (Ville), Martinique,French Antilles
TFFF,Fort de France/Lamentin, Martinique,French Antilles
TFFR,Pointe-à-Pitre/Le Raizet, Guadeloupe,French Antilles
TGPG,St. Georges,Grenada
TGPY,Point Saline,Grenada
TIST,St. Thomas/Harry S. Truman,Virgin Islands
TISX,St. Croix/Alexander Hamilton,Virgin Islands
TJBQ,Aguadilla/Ramey AB,Puerto Rico
TJMZ,Mayaguez/Mayaguez,Puerto Rico
TJNR,Roosevelt Roads NAS,Puerto Rico
TJPS,Ponce Mercedita,Puerto Rico
TJSJ,San Juan/Puerto Rico Intl.,Puerto Rico
TJST,--,Puerto Rico
TJSU,--,Puerto Rico
TKAC,--,Saint Kitts and Nevis
TKFF,--,Saint Kitts and Nevis
TKPK,Basseterre/Golden Rock, St. Christopher,Saint Kitts and Nevis
TKPN,VanceWinkworth, Amory, St. Chrisopher (St. Kitts) and Nevis,Saint Kitts and Nevis
TKUR,--,Saint Kitts and Nevis
TLPC,Castries/Vigie,Saint Lucia
TLPL,Vieux-Fort/Hewanorra Intl.,Saint Lucia
TNCA,Oranjestad/Prinses Beatrix, Aruba,Aruba
TNCB,Kralendijk/Flamingo, Bonaire,Netherlands Antilles
TNCC,Willemstad/Dr. A. Plesman, Curaçao,Netherlands Antilles
TNCE,Sint Eustatius, Sint Eustatius I.,Netherlands Antilles
TNCM,Philipsburg/Juliana, Sint Maarten,Netherlands Antilles
TTBB,--,Trinidad and Tobago
TTCP,Scarborough/Crown Point, Tobago,Trinidad and Tobago
TTOO,--,Trinidad and Tobago
TTPA,--,Trinidad and Tobago
TTPP,Port-of-Spain/Piarco, Trinidad,Trinidad and Tobago
TTRP,--,Trinidad and Tobago
TTTP,--,Trinidad and Tobago
TTZP,Piarco FIR/ACC,Trinidad and Tobago
TXKF,Bermuda NAS,Bermuda
TXLF,--,Bermuda
UAAA,Almaty,Kazakhstan
UAAT,Taldykorgan,Kazakhstan
UACK,Kokshetau,Kazakhstan
UACP,Petropavlovsk,Kazakhstan
UADD,Taraz,Kazakhstan
UAFF,Bishkek,Kyrgyzstan
UAII,Shymkent,Kazakhstan
UAKD,Zhezkazgan,Kazakhstan
UAKK,Karaganda,Kazakhstan
UAOO,Kyzlorda,Kazakhstan
UARR,Uralsk,Kazakhstan
UASK,Ust-Kemenogorsk,Kazakhstan
UASP,Pavlodar,Kazakhstan
UAST,Astana,Kazakhstan
UATE,Aktau,Kazakhstan
UATG,Atyrau,Kazakhstan
UATT,Aktobe,Kazakhstan
UAUU,Kostanay,Kazakhstan
UBBB,Baku,Azerbaijan
UGEE,Yerevan,Armenia
UGGG,Tbilisi/Novoalexeyvka + FIR,Georgia
UKBB,Kyiv/Bory Spil,Ukraine
UKBV,Kyiv Fir/Acc,Ukraine
UKBW,--,Bangladesh
UKDV,Dnepropetrovsk FIR/ACC,Ukraine
UKDW,--,Ukraine
UKFF,Simferopol,Ukraine
UKFV,Simferopol FIR/ACC,Ukraine
UKHH,Kharkiv,Ukraine
UKLL,L'Viv,Ukraine
UKLV,L'Viv FIR/ACC,Ukraine
UKLW,--,Ukraine
UKMS,Kiev,Ukraine
UKOO,Odesa,Ukraine
UKOV,Odesa FIR/ACC,Ukraine
UKOW,--,Ukraine
UMMN,Minsk,Belarus
UMMS,Minsk-2,Belarus
UMRR,Riga/Skulte+FIR,Latvia
UMWK,Kaunas,Lithuania
UMWP,Palanga,Lithuania
UMWW,Vilnius+FIR,Lithuania
UTAA,Ashgabat+FIR,Turkmenistan
UTDD,Dushanbe,Tajikistan
UTTW,Tashkent,Uzbekistan
VABB,Bombay,India
VBRR,Nay Pyi Taw,Myanmar
VCCC,Colombo/Ratmalana,Sri Lanka
VDPP,Phnom-Penh,Cambodia
VGDC,Dacca/Tejgaon (DCA),Bangladesh
VGZR,Dhaka/Zia Intl.,Bangladesh
VHHH,Hong Kong,Hong Kong, China
VIDP,Delhi/Indira Gandhi Intl.,India
VLIV,Vientiane/Wattay,Lao People's Democratic Republic
VLVT,Vientiane/Wattay,Lao People's Democratic Republic
VMMC,Macau/Intl. Airport,Macao, China
VNKT,Kathmandu/Intl.,Nepal
VNNN,Ha Noï,Viet Nam
VOMM,Madras,India
VRGN,Gan,Maldives
VRMM,Male/Intl.,Maldives
VTBB,Bangkok (City),Thailand
VTBD,Bangkok/Bangkok Intl.,Thailand
VTBU,Rayong/Utapao,Thailand
VTCC,Chiang Mai,Thailand
VTCR,Chiang Rai,Thailand
VTSM,Surathani/Samui,Thailand
VTSP,Phuket,Thailand
VTSS,Songkhla/Hat Yai,Thailand
VTUU,Ubon Ratchathani,Thailand
VVNB,Hanoi/Noibai,Viet Nam
VVTS,Ho Chi Minh/Tansonnhat,Viet Nam
VVVS,Ho Chi Minh Ville,Viet Nam
VYYY,Yangon Intl.,Myanmar
WBSB,Brunei Intl.,Brunei Darussalam
WIII,Jakarta/Soekarno Hatta Intl.,Indonesia
WIIX,Jakarta (City),Indonesia
WMKK,Kuala Lumpur Intl.,Malaysia
WMKP,Penang,Malaysia
WSSS,Singapore,Singapore
WTEC,--,United States of America
YRBK,Bucarest,Romania
ZATI,Tirana,Albania
